frame,tick,round,player steamid,player side,player name,weapon name,weapon type,weapon unique id,has refunded,match checksum
1943,1528,1,76561198078771373,3,JDC,Kevlar Vest,equipment,01JM6FNJ66W2D0AAA3GKVZ534M,0,7707aa820997dbaf
2038,1604,1,76561198052888143,2,Vexite,Kevlar Vest,equipment,01JM6FNJ67A12GW6VT88BCJSYJ,0,7707aa820997dbaf
2271,1802,1,76561198172837021,3,rigoN,Kevlar Vest,equipment,01JM6FNJ6AHQ626C0Z2DCN331P,0,7707aa820997dbaf
9789,8015,2,76561198052888143,2,Vexite,Kevlar + Helmet,equipment,01JM6FNJBPH062HKCKNNQAJSDR,0,7707aa820997dbaf
9966,8130,2,76561197987212623,2,INS,MAC-10,smg,01JM6FNJBSYMMW0ZMN3F16TAWT,0,7707aa820997dbaf
9996,8152,2,76561197987212623,2,INS,Kevlar + Helmet,equipment,01JM6FNJBSYMMW0ZMN3HMXS326,0,7707aa820997dbaf
9998,8154,2,76561198098346710,2,aliStair,Kevlar + Helmet,equipment,01JM6FNJBSYMMW0ZMN3K1JVADX,0,7707aa820997dbaf
10028,8181,2,76561197987212623,2,INS,HE Grenade,grenade,01JM6FNJBSYMMW0ZMN3Q04XASZ,0,7707aa820997dbaf
10050,8192,2,76561198098346710,2,aliStair,AK-47,rifle,01JM6FNJBT40MSE9AK4WDFBK83,0,7707aa820997dbaf
10050,8192,2,76561197987212623,2,INS,Molotov,grenade,01JM6FNJBT40MSE9AK4ZCKP9CD,0,7707aa820997dbaf
10077,8209,2,76561197987212623,2,INS,Smoke Grenade,grenade,01JM6FNJBT40MSE9AK51GS73QV,0,7707aa820997dbaf
10085,8216,2,76561198098346710,2,aliStair,Smoke Grenade,grenade,01JM6FNJBV9HVWCV61AYRK0FFH,0,7707aa820997dbaf
10095,8220,2,76561197987212623,2,INS,Flashbang,grenade,01JM6FNJBV9HVWCV61AZP1B8MR,0,7707aa820997dbaf
10113,8234,2,76561198098346710,2,aliStair,Flashbang,grenade,01JM6FNJBWY268BVBA6AXV7VP9,0,7707aa820997dbaf
10209,8287,2,76561198172837021,3,rigoN,MP9,smg,01JM6FNJBXVHGWZE6X0FZDXNNF,0,7707aa820997dbaf
10249,8319,2,76561198172837021,3,rigoN,Kevlar Vest,equipment,01JM6FNJBY95AWVP3W68SHM1TF,0,7707aa820997dbaf
10325,8390,2,76561198098346710,2,aliStair,Molotov,grenade,01JM6FNJBZQQK32XPPNM3PZBQQ,0,7707aa820997dbaf
10426,8476,2,76561198061801241,2,dexter,Kevlar + Helmet,equipment,01JM6FNJC0HSMT2RC4QPYRZJRE,0,7707aa820997dbaf
10485,8533,2,76561198078771373,3,JDC,Kevlar + Helmet,equipment,01JM6FNJC0HSMT2RC4QRR7H1GS,0,7707aa820997dbaf
10512,8558,2,76561198078771373,3,JDC,MP9,smg,01JM6FNJC1XXHRTN2TDCR51FX0,0,7707aa820997dbaf
10582,8611,2,76561198061801241,2,dexter,Galil AR,rifle,01JM6FNJC24EP9MWXZ7SCBXX0K,0,7707aa820997dbaf
10667,8658,2,76561198072321716,2,Liazz,Kevlar Vest,equipment,01JM6FNJC4RSAC9NTWHBFWEBYM,0,7707aa820997dbaf
10667,8658,2,76561198072321716,2,Liazz,Kevlar + Helmet,equipment,01JM6FNJC4RSAC9NTWHBR7H867,0,7707aa820997dbaf
10765,8715,2,76561198072321716,2,Liazz,Galil AR,rifle,01JM6FNJC5P9AKJF0GW7WRTGSC,0,7707aa820997dbaf
10790,8733,2,76561198072321716,2,Liazz,Smoke Grenade,grenade,01JM6FNJC5P9AKJF0GWAQVRS6R,0,7707aa820997dbaf
10807,8742,2,76561198052888143,2,Vexite,MAC-10,smg,01JM6FNJC6JY5308P8Y9ZY6FQW,0,7707aa820997dbaf
10807,8742,2,76561197961491680,3,tabseN,MP9,smg,01JM6FNJC6JY5308P8YDGK50G6,0,7707aa820997dbaf
10830,8756,2,76561197961491680,3,tabseN,Kevlar + Helmet,equipment,01JM6FNJC6JY5308P8YG5MND3K,0,7707aa820997dbaf
10911,8820,2,76561198052888143,2,Vexite,Smoke Grenade,grenade,01JM6FNJC8670YJ0A5WNEBS1HK,0,7707aa820997dbaf
10911,8820,2,76561198052888143,2,Vexite,Flashbang,grenade,01JM6FNJC8670YJ0A5WQARFFGF,0,7707aa820997dbaf
10912,8821,2,76561198052888143,2,Vexite,Molotov,grenade,01JM6FNJC8670YJ0A5WV8B04C0,0,7707aa820997dbaf
10914,8824,2,76561198052888143,2,Vexite,HE Grenade,grenade,01JM6FNJC8670YJ0A5WXNP340C,0,7707aa820997dbaf
11064,8945,2,76561198061801241,2,dexter,Molotov,grenade,01JM6FNJCAWW0EYX8P1198RYNP,0,7707aa820997dbaf
11077,8954,2,76561197980122997,3,syrsoN,Kevlar Vest,equipment,01JM6FNJCAWW0EYX8P12PVRDNZ,0,7707aa820997dbaf
11080,8956,2,76561198170631091,3,Krimbo,MP9,smg,01JM6FNJCAWW0EYX8P15PTGW6X,0,7707aa820997dbaf
11080,8956,2,76561198061801241,2,dexter,HE Grenade,grenade,01JM6FNJCAWW0EYX8P16MT7T45,0,7707aa820997dbaf
11095,8967,2,76561198061801241,2,dexter,Smoke Grenade,grenade,01JM6FNJCBXYCVGXKTNYF4FT5T,0,7707aa820997dbaf
11108,8979,2,76561198061801241,2,dexter,Flashbang,grenade,01JM6FNJCBXYCVGXKTNZYVHX07,0,7707aa820997dbaf
11113,8982,2,76561197980122997,3,syrsoN,MP9,smg,01JM6FNJCBXYCVGXKTP3V52SGV,0,7707aa820997dbaf
11157,9008,2,76561198170631091,3,Krimbo,Kevlar Vest,equipment,01JM6FNJCCAR3HZ2N8V8T080K0,0,7707aa820997dbaf
11232,9049,2,76561198072321716,2,Liazz,HE Grenade,grenade,01JM6FNJCDKR1F47NRZHZYBDBN,0,7707aa820997dbaf
11460,9220,2,76561197980122997,3,syrsoN,Flashbang,grenade,01JM6FNJCGVP718H4A8T7FVGSY,0,7707aa820997dbaf
18288,15651,3,76561198052888143,2,Vexite,Smoke Grenade,grenade,01JM6FNJMXK4PNCC3VQ7K331GH,0,7707aa820997dbaf
18289,15652,3,76561198052888143,2,Vexite,Molotov,grenade,01JM6FNJMXK4PNCC3VQANZ9229,0,7707aa820997dbaf
18829,16049,3,76561198098346710,2,aliStair,Kevlar + Helmet,equipment,01JM6FNJN5D28ZK01FWP36APZ1,0,7707aa820997dbaf
18995,16183,3,76561197987212623,2,INS,MAC-10,smg,01JM6FNJN61YZQA0MNEF1VR2F8,0,7707aa820997dbaf
19006,16190,3,76561198098346710,2,aliStair,Smoke Grenade,grenade,01JM6FNJN7MBNCAXJ9BPTX9JN2,0,7707aa820997dbaf
19029,16208,3,76561197987212623,2,INS,Kevlar + Helmet,equipment,01JM6FNJN7MBNCAXJ9BSNZ1MHX,0,7707aa820997dbaf
19037,16212,3,76561198098346710,2,aliStair,Molotov,grenade,01JM6FNJN8P2TS6MQPEYWKAVEZ,0,7707aa820997dbaf
19078,16244,3,76561198098346710,2,aliStair,Flashbang,grenade,01JM6FNJN9XGQAJKRVPN3V0FMG,0,7707aa820997dbaf
19097,16258,3,76561198052888143,2,Vexite,AK-47,rifle,01JM6FNJN9XGQAJKRVPRWZ8E5M,0,7707aa820997dbaf
19115,16272,3,76561198172837021,3,rigoN,HE Grenade,grenade,01JM6FNJNAK2YJ0BHY2FD895HY,0,7707aa820997dbaf
19139,16288,3,76561197961491680,3,tabseN,P250,pistol,01JM6FNJNAK2YJ0BHY2G00RJC2,0,7707aa820997dbaf
19157,16301,3,76561197961491680,3,tabseN,Kevlar Vest,equipment,01JM6FNJNAK2YJ0BHY2JNAHT2Q,0,7707aa820997dbaf
19218,16336,3,76561198172837021,3,rigoN,Dual Berettas,pistol,01JM6FNJNBE5Z6D2780BBKDPVK,0,7707aa820997dbaf
19256,16361,3,76561197987212623,2,INS,HE Grenade,grenade,01JM6FNJNCPKEDEF5GT4VVN80M,0,7707aa820997dbaf
19280,16373,3,76561197987212623,2,INS,Molotov,grenade,01JM6FNJNCPKEDEF5GT8C7XWSV,0,7707aa820997dbaf
19312,16395,3,76561197987212623,2,INS,Smoke Grenade,grenade,01JM6FNJND69VD142RBETEFNT6,0,7707aa820997dbaf
19315,16398,3,76561198061801241,2,dexter,Kevlar + Helmet,equipment,01JM6FNJND69VD142RBFQQVBTT,0,7707aa820997dbaf
19329,16407,3,76561198078771373,3,JDC,Five-SeveN,pistol,01JM6FNJND69VD142RBGXCZXTJ,0,7707aa820997dbaf
19331,16409,3,76561197987212623,2,INS,Flashbang,grenade,01JM6FNJ5ZRD87WVHXACBV7934,0,7707aa820997dbaf
19351,16423,3,76561198170631091,3,Krimbo,Five-SeveN,pistol,01JM6FNJ5ZRD87WVHXA92MX6E6,0,7707aa820997dbaf
19386,16449,3,76561198170631091,3,Krimbo,Kevlar Vest,equipment,01JM6FNJNEB5T39P3MTWZ9MFCH,0,7707aa820997dbaf
19436,16491,3,76561198170631091,3,Krimbo,Smoke Grenade,grenade,01JM6FNJ46XX1CVS78DQ5CKVVQ,0,7707aa820997dbaf
19441,16494,3,76561198061801241,2,dexter,MAC-10,smg,01JM6FNJ46XX1CVS78DMT7TCED,0,7707aa820997dbaf
19446,16496,3,76561198072321716,2,Liazz,Kevlar + Helmet,equipment,01JM6FNJNFWYQVC7YGQ4HEXEFR,0,7707aa820997dbaf
19460,16508,3,76561198078771373,3,JDC,HE Grenade,grenade,01JM6FNJ46XX1CVS78DG33GB9C,0,7707aa820997dbaf
19470,16513,3,76561198072321716,2,Liazz,Galil AR,rifle,01JM6FNJ46XX1CVS78DEKSBN7W,0,7707aa820997dbaf
19519,16546,3,76561198061801241,2,dexter,Smoke Grenade,grenade,01JM6FNJ46XX1CVS78DEAR0H93,0,7707aa820997dbaf
19523,16548,3,76561198072321716,2,Liazz,Smoke Grenade,grenade,01JM6FNJ46XX1CVS78DAHVPJM7,0,7707aa820997dbaf
19571,16579,3,76561198061801241,2,dexter,Molotov,grenade,01JM6FNJ46XX1CVS78D9WVQWVG,1,7707aa820997dbaf
19651,16632,3,76561198061801241,2,dexter,HE Grenade,grenade,01JM6FNJ46XX1CVS78D7ZKBV9M,0,7707aa820997dbaf
19760,16689,3,76561198072321716,2,Liazz,Flashbang,grenade,01JM6FNJ46XX1CVS78D4EVN1RM,0,7707aa820997dbaf
28436,24133,4,76561198052888143,2,Vexite,Smoke Grenade,grenade,01JM6FNK19K2GM7GW47XX9DZ8F,0,7707aa820997dbaf
28436,24133,4,76561198052888143,2,Vexite,Flashbang,grenade,01JM6FNK19K2GM7GW481CS3ECY,0,7707aa820997dbaf
28436,24133,4,76561198052888143,2,Vexite,Molotov,grenade,01JM6FNK19K2GM7GW483AKKDQ8,0,7707aa820997dbaf
28474,24158,4,76561197987212623,2,INS,HE Grenade,grenade,01JM6FNK19K2GM7GW4873D7GP2,0,7707aa820997dbaf
28486,24164,4,76561197961491680,3,tabseN,M4A1,rifle,01JM6FNK19K2GM7GW48BYZRYC7,0,7707aa820997dbaf
28497,24169,4,76561197987212623,2,INS,Molotov,grenade,01JM6FNK1A1WR52M6Z617TQPK8,0,7707aa820997dbaf
28528,24186,4,76561197987212623,2,INS,Smoke Grenade,grenade,01JM6FNK1A1WR52M6Z61FP0M31,0,7707aa820997dbaf
28553,24198,4,76561197987212623,2,INS,Flashbang,grenade,01JM6FNK1BVGY3HBBG5XQA188R,0,7707aa820997dbaf
28583,24222,4,76561198098346710,2,aliStair,Smoke Grenade,grenade,01JM6FNK1BVGY3HBBG64YZ265T,0,7707aa820997dbaf
28635,24262,4,76561198098346710,2,aliStair,Flashbang,grenade,01JM6FNK1CD2G61AATBDB3QEDG,0,7707aa820997dbaf
28686,24305,4,76561198098346710,2,aliStair,Molotov,grenade,01JM6FNK1DQFZ8Y65TSY9WVPY1,0,7707aa820997dbaf
28715,24322,4,76561197961491680,3,tabseN,Smoke Grenade,grenade,01JM6FNK1DQFZ8Y65TSZZG225R,0,7707aa820997dbaf
28731,24332,4,76561197961491680,3,tabseN,HE Grenade,grenade,01JM6FNK1EZQFG3CBXNETHD3WC,0,7707aa820997dbaf
28739,24340,4,76561197961491680,3,tabseN,Incendiary Grenade,grenade,01JM6FNK1EZQFG3CBXNGS6MCYQ,0,7707aa820997dbaf
28756,24352,4,76561197961491680,3,tabseN,Flashbang,grenade,01JM6FNK1EZQFG3CBXNMJRFQRY,0,7707aa820997dbaf
28822,24396,4,76561198172837021,3,rigoN,M4A4,rifle,01JM6FNK1FTTSN7Q1WPKEP1CH0,0,7707aa820997dbaf
28842,24411,4,76561197961491680,3,tabseN,Defuse Kit,equipment,01JM6FNK1FTTSN7Q1WPKV1E56S,0,7707aa820997dbaf
28851,24416,4,76561198172837021,3,rigoN,Kevlar Vest,equipment,01JM6FNK1FTTSN7Q1WPQRBZ95Z,0,7707aa820997dbaf
28890,24445,4,76561198078771373,3,JDC,Kevlar + Helmet,equipment,01JM6FNK1G94QAJMV9JXWKMZ1D,0,7707aa820997dbaf
28895,24448,4,76561198172837021,3,rigoN,Incendiary Grenade,grenade,01JM6FNK1G94QAJMV9K1B48D63,0,7707aa820997dbaf
28907,24458,4,76561198172837021,3,rigoN,HE Grenade,grenade,01JM6FNJBM43SH04S11XFQ16NC,0,7707aa820997dbaf
28919,24468,4,76561198172837021,3,rigoN,Smoke Grenade,grenade,01JM6FNJBH6PDTVAWER2G503RE,0,7707aa820997dbaf
28932,24476,4,76561198078771373,3,JDC,M4A1,rifle,01JM6FNJBJ1K1KDE71YX2415JG,0,7707aa820997dbaf
28956,24494,4,76561198078771373,3,JDC,Smoke Grenade,grenade,01JM6FNJBK7KFWJTEAMEDSM2XN,0,7707aa820997dbaf
28956,24494,4,76561197980122997,3,syrsoN,AWP,sniper,01JM6FNJBGSNR3GR77HYRQ6F5H,0,7707aa820997dbaf
28961,24499,4,76561197980122997,3,syrsoN,Kevlar Vest,equipment,01JM6FNK1JBXNVYJXAM4M09GBC,0,7707aa820997dbaf
28970,24503,4,76561198078771373,3,JDC,HE Grenade,grenade,01JM6FNJ47508GP70WS70BRT95,0,7707aa820997dbaf
28983,24512,4,76561198078771373,3,JDC,Incendiary Grenade,grenade,01JM6FNJ43JMD6A8Q5V76RRGHT,0,7707aa820997dbaf
29005,24523,4,76561198078771373,3,JDC,Flashbang,grenade,01JM6FNJBK7KFWJTEAMJ4BNKBP,0,7707aa820997dbaf
29083,24567,4,76561198170631091,3,Krimbo,M4A1,rifle,01JM6FNJBGSNR3GR77J405JC1V,0,7707aa820997dbaf
29137,24601,4,76561198170631091,3,Krimbo,Kevlar + Helmet,equipment,01JM6FNK1M5CREQYQWW4861BNS,0,7707aa820997dbaf
29174,24627,4,76561197980122997,3,syrsoN,Incendiary Grenade,grenade,01JM6FNK1NCRZ5QQR386ZTXKFX,0,7707aa820997dbaf
29253,24690,4,76561198170631091,3,Krimbo,Smoke Grenade,grenade,01JM6FNK1P2YK3T50GVHST0Q3R,0,7707aa820997dbaf
29279,24705,4,76561198170631091,3,Krimbo,Flashbang,grenade,01JM6FNK1P2YK3T50GVKG44N4B,0,7707aa820997dbaf
29375,24767,4,76561197980122997,3,syrsoN,Flashbang,grenade,01JM6FNK1RNF63PHZF5JYXJVM5,0,7707aa820997dbaf
29586,24919,4,76561198072321716,2,Liazz,Smoke Grenade,grenade,01JM6FNJBM43SH04S120ZBNBVV,0,7707aa820997dbaf
29594,24923,4,76561198072321716,2,Liazz,HE Grenade,grenade,01JM6FNK1VD44X02DMFH0GYZXG,0,7707aa820997dbaf
29596,24925,4,76561198072321716,2,Liazz,Flashbang,grenade,01JM6FNK1VD44X02DMFJ53ETYF,0,7707aa820997dbaf
29662,24974,4,76561198078771373,3,JDC,Flashbang,grenade,01JM6FNJBF516HDENCYFKJWH5E,0,7707aa820997dbaf
29688,24989,4,76561198072321716,2,Liazz,Molotov,grenade,01JM6FNK1X0D8G3ZM044R3TQ99,0,7707aa820997dbaf
29758,25042,4,76561198061801241,2,dexter,Kevlar + Helmet,equipment,01JM6FNK1YE63M129M9WGYNJEH,0,7707aa820997dbaf
29761,25043,4,76561198170631091,3,Krimbo,HE Grenade,grenade,01JM6FNJRNCSEFZNC5JXVNYVZ9,0,7707aa820997dbaf
29914,25138,4,76561198061801241,2,dexter,AK-47,rifle,01JM6FNJRD5EKB4R1WFYAHWWBC,0,7707aa820997dbaf
30048,25222,4,76561198061801241,2,dexter,Smoke Grenade,grenade,01JM6FNJ5ZRD87WVHX9X66M6QG,0,7707aa820997dbaf
30078,25240,4,76561198061801241,2,dexter,HE Grenade,grenade,01JM6FNK232V90H5H9CSK957NK,0,7707aa820997dbaf
30177,25309,4,76561198061801241,2,dexter,Molotov,grenade,01JM6FNK24Q7YB24HFKNRQS6GP,0,7707aa820997dbaf
37572,31473,5,76561198052888143,2,Vexite,Kevlar + Helmet,equipment,01JM6FNKBG7AFBVD2H0DHJ8SPR,0,7707aa820997dbaf
37572,31473,5,76561198052888143,2,Vexite,AK-47,rifle,01JM6FNJN7MBNCAXJ9BSNW5JS8,0,7707aa820997dbaf
37615,31503,5,76561198052888143,2,Vexite,Flashbang,grenade,01JM6FNJMV50RYKEPXGWQ8R1KM,0,7707aa820997dbaf
37616,31504,5,76561198052888143,2,Vexite,Smoke Grenade,grenade,01JM6FNJMV50RYKEPXGZ1GYJQ8,0,7707aa820997dbaf
37616,31504,5,76561198052888143,2,Vexite,Molotov,grenade,01JM6FNJMV50RYKEPXGPDYYHFJ,0,7707aa820997dbaf
37622,31507,5,76561198052888143,2,Vexite,HE Grenade,grenade,01JM6FNJMV50RYKEPXGMGAA9SA,0,7707aa820997dbaf
37676,31539,5,76561197987212623,2,INS,AK-47,rifle,01JM6FNJMWS9T4F7QR61Y4BNW6,0,7707aa820997dbaf
37688,31551,5,76561197987212623,2,INS,Smoke Grenade,grenade,01JM6FNJMWS9T4F7QR60V1YJAX,0,7707aa820997dbaf
37712,31565,5,76561197987212623,2,INS,HE Grenade,grenade,01JM6FNKBKFTSRWR07DTNKPAJX,0,7707aa820997dbaf
37744,31582,5,76561197987212623,2,INS,Molotov,grenade,01JM6FNJJSR6T33ZJMV41A11WC,0,7707aa820997dbaf
37764,31596,5,76561197987212623,2,INS,Flashbang,grenade,01JM6FNKBN8ZFQF68QRCPPTH6T,0,7707aa820997dbaf
37789,31619,5,76561197987212623,2,INS,Kevlar + Helmet,equipment,01JM6FNKBN8ZFQF68QRFTSBK5X,0,7707aa820997dbaf
38508,32123,5,76561198172837021,3,rigoN,MP9,smg,01JM6FNJMV50RYKEPXGCCHJ4DW,0,7707aa820997dbaf
38527,32142,5,76561198172837021,3,rigoN,Kevlar Vest,equipment,01JM6FNKBYV5WAT79WVY2MQXDD,0,7707aa820997dbaf
38590,32188,5,76561198072321716,2,Liazz,Kevlar + Helmet,equipment,01JM6FNKBZ0YQ311ADZF5568R4,0,7707aa820997dbaf
38590,32188,5,76561198072321716,2,Liazz,AK-47,rifle,01JM6FNJMV50RYKEPXG8NS2HB3,0,7707aa820997dbaf
38612,32204,5,76561198072321716,2,Liazz,Smoke Grenade,grenade,01JM6FNJMTXTFPCYSBTYWVXT7X,0,7707aa820997dbaf
38613,32205,5,76561198072321716,2,Liazz,HE Grenade,grenade,01JM6FNJMTXTFPCYSBTV69V10A,0,7707aa820997dbaf
38617,32208,5,76561198072321716,2,Liazz,Flashbang,grenade,01JM6FNJMV50RYKEPXGG6THE42,0,7707aa820997dbaf
38690,32260,5,76561198072321716,2,Liazz,Molotov,grenade,01JM6FNJNHQY5A1M8D49C03A9Q,0,7707aa820997dbaf
38762,32309,5,76561198098346710,2,aliStair,Kevlar + Helmet,equipment,01JM6FNKC2QBV16NJ65HJQZVQM,0,7707aa820997dbaf
38788,32331,5,76561197961491680,3,tabseN,M4A1,rifle,01JM6FNJMV50RYKEPXH14J43QB,0,7707aa820997dbaf
38821,32351,5,76561197961491680,3,tabseN,Kevlar Vest,equipment,01JM6FNKC3NW9D34JA715RNSEQ,0,7707aa820997dbaf
38851,32368,5,76561198098346710,2,aliStair,AWP,sniper,01JM6FNKC3NW9D34JA74J6J9MM,0,7707aa820997dbaf
38885,32393,5,76561198098346710,2,aliStair,Smoke Grenade,grenade,01JM6FNKC44QE3MQFG21TDVHC1,0,7707aa820997dbaf
38902,32408,5,76561198098346710,2,aliStair,Flashbang,grenade,01JM6FNKC44QE3MQFG2651Y12S,0,7707aa820997dbaf
38908,32410,5,76561197980122997,3,syrsoN,Incendiary Grenade,grenade,01JM6FNJMV50RYKEPXGR4F0MYR,0,7707aa820997dbaf
38927,32426,5,76561198078771373,3,JDC,Kevlar Vest,equipment,01JM6FNKC44QE3MQFG29PSKBQW,0,7707aa820997dbaf
38944,32437,5,76561198098346710,2,aliStair,Molotov,grenade,01JM6FNKC44QE3MQFG2ARH28GV,0,7707aa820997dbaf
39084,32547,5,76561198078771373,3,JDC,Five-SeveN,pistol,01JM6FNK19K2GM7GW48B23AWN6,0,7707aa820997dbaf
39189,32619,5,76561198172837021,3,rigoN,Incendiary Grenade,grenade,01JM6FNKC8HDBRR3WBDSHCYDQ0,0,7707aa820997dbaf
39195,32623,5,76561198170631091,3,Krimbo,Kevlar Vest,equipment,01JM6FNKC8HDBRR3WBDWMNHFPN,0,7707aa820997dbaf
39211,32633,5,76561198078771373,3,JDC,HE Grenade,grenade,01JM6FNJNFWYQVC7YGQ3A0KABX,0,7707aa820997dbaf
39214,32636,5,76561198061801241,2,dexter,Kevlar + Helmet,equipment,01JM6FNKC8HDBRR3WBE009HQA8,0,7707aa820997dbaf
39231,32647,5,76561198170631091,3,Krimbo,MP9,smg,01JM6FNKC8HDBRR3WBE3EXB5JR,0,7707aa820997dbaf
39266,32672,5,76561198061801241,2,dexter,Flashbang,grenade,01JM6FNKC911Q4KWCCWW0GW3CD,0,7707aa820997dbaf
39269,32675,5,76561198170631091,3,Krimbo,Smoke Grenade,grenade,01JM6FNKC911Q4KWCCX0M7R5QF,0,7707aa820997dbaf
39283,32685,5,76561198052888143,2,Vexite,AK-47,rifle,01JM6FNKC911Q4KWCCX2P6JSNX,0,7707aa820997dbaf
39290,32690,5,76561198078771373,3,JDC,Incendiary Grenade,grenade,01JM6FNKCAK3W1G0WD8MBQ5V11,0,7707aa820997dbaf
39294,32692,5,76561198061801241,2,dexter,Smoke Grenade,grenade,01JM6FNKBZ0YQ311ADZF4ZPKZ3,0,7707aa820997dbaf
39322,32714,5,76561198061801241,2,dexter,Molotov,grenade,01JM6FNKCAK3W1G0WD8SZ0955D,0,7707aa820997dbaf
50048,42036,6,76561198052888143,2,Vexite,Kevlar + Helmet,equipment,01JM6FNKRHYG0X20DGE79XMVEK,0,7707aa820997dbaf
50077,42059,6,76561198052888143,2,Vexite,Flashbang,grenade,01JM6FNJ46XX1CVS78D2GWJHTW,0,7707aa820997dbaf
50078,42060,6,76561198052888143,2,Vexite,Molotov,grenade,01JM6FNJNKE7976RZXE8VT3J7B,0,7707aa820997dbaf
50078,42060,6,76561198052888143,2,Vexite,Smoke Grenade,grenade,01JM6FNJCBXYCVGXKTP3V52SGV,0,7707aa820997dbaf
50082,42064,6,76561198052888143,2,Vexite,HE Grenade,grenade,01JM6FNK187GTDWQHGS55P67A4,0,7707aa820997dbaf
50522,42375,6,76561197987212623,2,INS,AK-47,rifle,01JM6FNK19K2GM7GW489916TX1,0,7707aa820997dbaf
50542,42389,6,76561197987212623,2,INS,HE Grenade,grenade,01JM6FNK17JAXFG5J7YVCHTV11,0,7707aa820997dbaf
50562,42401,6,76561197987212623,2,INS,Molotov,grenade,01JM6FNK17JAXFG5J7YXMNSXVJ,0,7707aa820997dbaf
50581,42415,6,76561197987212623,2,INS,Flashbang,grenade,01JM6FNKRT99V0CFCZ78BP29K6,0,7707aa820997dbaf
50611,42432,6,76561198098346710,2,aliStair,Kevlar + Helmet,equipment,01JM6FNKRT99V0CFCZ7A3C8C6Q,0,7707aa820997dbaf
50647,42453,6,76561198172837021,3,rigoN,M4A1,rifle,01JM6FNKRT99V0CFCZ7CNC60RC,1,7707aa820997dbaf
50658,42461,6,76561198098346710,2,aliStair,Smoke Grenade,grenade,01JM6FNJBSYMMW0ZMN3F16TAWT,0,7707aa820997dbaf
50674,42474,6,76561198172837021,3,rigoN,Kevlar Vest,equipment,01JM6FNKRVMBTM8ERWTV3C8387,0,7707aa820997dbaf
50676,42476,6,76561198098346710,2,aliStair,Flashbang,grenade,01JM6FNJVVHP2EQABDPDGB6H8A,0,7707aa820997dbaf
50713,42506,6,76561198172837021,3,rigoN,Incendiary Grenade,grenade,01JM6FNJMTXTFPCYSBV63T2747,0,7707aa820997dbaf
50725,42515,6,76561198172837021,3,rigoN,HE Grenade,grenade,01JM6FNJ46XX1CVS78CZ8ZYHY6,1,7707aa820997dbaf
50730,42520,6,76561198098346710,2,aliStair,Molotov,grenade,01JM6FNJ46XX1CVS78CGFEAZ95,0,7707aa820997dbaf
50798,42581,6,76561198172837021,3,rigoN,Smoke Grenade,grenade,01JM6FNK1M5CREQYQWW0PW2750,0,7707aa820997dbaf
50962,42712,6,76561198172837021,3,rigoN,Kevlar + Helmet,equipment,01JM6FNKRZB4Y6WRSP2N4ZF9NX,0,7707aa820997dbaf
51023,42763,6,76561198172837021,3,rigoN,HE Grenade,grenade,01JM6FNJMSFXRNKYMXKQMTR65W,0,7707aa820997dbaf
51041,42777,6,76561198172837021,3,rigoN,Flashbang,grenade,01JM6FNKS0J0V0P46ZKKE4DKMM,0,7707aa820997dbaf
51077,42801,6,76561198172837021,3,rigoN,Defuse Kit,equipment,01JM6FNKS1728TF9CR1ACZGDVH,0,7707aa820997dbaf
51242,42932,6,76561198078771373,3,JDC,Kevlar Vest,equipment,01JM6FNKS3G8JFSANZWK3DKZG8,0,7707aa820997dbaf
51283,42959,6,76561198078771373,3,JDC,M4A1,rifle,01JM6FNJBXVHGWZE6X0FZDXNNF,0,7707aa820997dbaf
51305,42976,6,76561198078771373,3,JDC,Smoke Grenade,grenade,01JM6FNK1BVGY3HBBG6167MSZC,0,7707aa820997dbaf
51320,42986,6,76561198078771373,3,JDC,HE Grenade,grenade,01JM6FNJ46XX1CVS78CJG8J36R,0,7707aa820997dbaf
51334,42994,6,76561198078771373,3,JDC,Incendiary Grenade,grenade,01JM6FNJ43JMD6A8Q5V8P3EHDZ,0,7707aa820997dbaf
51355,43006,6,76561198078771373,3,JDC,Flashbang,grenade,01JM6FNK232V90H5H9CNY14JTE,0,7707aa820997dbaf
51507,43104,6,76561197961491680,3,tabseN,M4A1,rifle,01JM6FNJPGX6MG6J7JAS86S75E,0,7707aa820997dbaf
51533,43121,6,76561197961491680,3,tabseN,Kevlar Vest,equipment,01JM6FNKS8FEW703FZQMDS6TPT,0,7707aa820997dbaf
51581,43155,6,76561198078771373,3,JDC,Defuse Kit,equipment,01JM6FNKS9FNBP16ATK9X8H8RJ,0,7707aa820997dbaf
51683,43218,6,76561198172837021,3,rigoN,M4A1,rifle,01JM6FNKSAJR51R3JXMV8SCTDM,0,7707aa820997dbaf
53060,44241,6,76561198170631091,3,Krimbo,M4A1,rifle,01JM6FNJ5YKKJ69SAY34YQ6B7P,0,7707aa820997dbaf
53084,44265,6,76561198170631091,3,Krimbo,Kevlar + Helmet,equipment,01JM6FNKSYEVDKPQQ3YMDTFGW6,0,7707aa820997dbaf
53267,44406,6,76561198170631091,3,Krimbo,Smoke Grenade,grenade,01JM6FNK3N4KTP0ZF3JD8W8X6D,0,7707aa820997dbaf
53339,44459,6,76561198170631091,3,Krimbo,Incendiary Grenade,grenade,01JM6FNKC022TT0CHNZH0MRR77,0,7707aa820997dbaf
53514,44590,6,76561198170631091,3,Krimbo,HE Grenade,grenade,01JM6FNJ46XX1CVS78CMZ5PAS9,0,7707aa820997dbaf
53545,44614,6,76561198072321716,2,Liazz,Kevlar + Helmet,equipment,01JM6FNKT5WQQNKJ7P89RMES8C,0,7707aa820997dbaf
53545,44614,6,76561198072321716,2,Liazz,AK-47,rifle,01JM6FNKT5WQQNKJ7P86D7HR1K,0,7707aa820997dbaf
53547,44616,6,76561198072321716,2,Liazz,Smoke Grenade,grenade,01JM6FNKRGDNVW22H2YMAEV5TT,0,7707aa820997dbaf
53549,44618,6,76561198072321716,2,Liazz,HE Grenade,grenade,01JM6FNKT5WQQNKJ7P8CR3ADRG,0,7707aa820997dbaf
53551,44620,6,76561198072321716,2,Liazz,Flashbang,grenade,01JM6FNJSKV2J01G0GNQT9ZRDX,0,7707aa820997dbaf
53632,44674,6,76561198072321716,2,Liazz,Molotov,grenade,01JM6FNK1CD2G61AATBAWPCZC8,0,7707aa820997dbaf
64058,53338,7,76561197980122997,3,syrsoN,Incendiary Grenade,grenade,01JM6FNK6Q1ECXTFBAEQF19YBX,0,7707aa820997dbaf
64070,53343,7,76561197980122997,3,syrsoN,Smoke Grenade,grenade,01JM6FNK34C2D0JZ71VW3ZKQHS,0,7707aa820997dbaf
64071,53344,7,76561197980122997,3,syrsoN,HE Grenade,grenade,01JM6FNM66PCN4806QB6GCTJ71,0,7707aa820997dbaf
64087,53351,7,76561197961491680,3,tabseN,Kevlar Vest,equipment,01JM6FNM67YM4CQTHKESFPT11Y,0,7707aa820997dbaf
64118,53369,7,76561198172837021,3,rigoN,M4A1,rifle,01JM6FNM67YM4CQTHKEWZGB4E2,0,7707aa820997dbaf
64159,53387,7,76561198172837021,3,rigoN,Kevlar + Helmet,equipment,01JM6FNM68HF6Y6F75VABABD79,0,7707aa820997dbaf
64212,53422,7,76561198172837021,3,rigoN,Incendiary Grenade,grenade,01JM6FNK3D8JB588P7W6CFSS2F,0,7707aa820997dbaf
64225,53433,7,76561198172837021,3,rigoN,HE Grenade,grenade,01JM6FNK3ATE3HA675NSEQD2JD,0,7707aa820997dbaf
64260,53467,7,76561198172837021,3,rigoN,Smoke Grenade,grenade,01JM6FNM6AXJHXJWSH73VJ9BV8,0,7707aa820997dbaf
64270,53477,7,76561198172837021,3,rigoN,Flashbang,grenade,01JM6FNM6AXJHXJWSH75XHBSQB,0,7707aa820997dbaf
64297,53501,7,76561198172837021,3,rigoN,Defuse Kit,equipment,01JM6FNM6AXJHXJWSH77YERQS6,0,7707aa820997dbaf
64448,53607,7,76561197987212623,2,INS,AK-47,rifle,01JM6FNM6CCXPNXYVA3VGJJG33,0,7707aa820997dbaf
64465,53618,7,76561197987212623,2,INS,Smoke Grenade,grenade,01JM6FNM6CCXPNXYVA3WAQKK63,0,7707aa820997dbaf
64475,53628,7,76561197987212623,2,INS,HE Grenade,grenade,01JM6FNKC44QE3MQFG28AP97QN,0,7707aa820997dbaf
64496,53644,7,76561197987212623,2,INS,Molotov,grenade,01JM6FNM6DAEX757QZC25M42Q4,0,7707aa820997dbaf
64513,53661,7,76561197987212623,2,INS,Flashbang,grenade,01JM6FNKC44QE3MQFG2477C5ME,0,7707aa820997dbaf
64534,53682,7,76561197987212623,2,INS,Kevlar + Helmet,equipment,01JM6FNM6E2MSG8N8THKVMF4BB,0,7707aa820997dbaf
64714,53801,7,76561198061801241,2,dexter,Kevlar + Helmet,equipment,01JM6FNM6GAE15TFB2CHF1B36D,0,7707aa820997dbaf
64714,53801,7,76561198061801241,2,dexter,AK-47,rifle,01JM6FNKSR9KKM8YP4R948BSAC,0,7707aa820997dbaf
64719,53803,7,76561197961491680,3,tabseN,Smoke Grenade,grenade,01JM6FNKBE1V4NKCJQ3DYGP05G,0,7707aa820997dbaf
64732,53814,7,76561197961491680,3,tabseN,HE Grenade,grenade,01JM6FNKBE1V4NKCJQ3D1JCN1G,0,7707aa820997dbaf
64741,53823,7,76561197961491680,3,tabseN,Incendiary Grenade,grenade,01JM6FNK3BWPM3S7DQ4J7JACVF,0,7707aa820997dbaf
64814,53884,7,76561198078771373,3,JDC,Kevlar + Helmet,equipment,01JM6FNM6JZ5SK5JKDQ8VS7W46,0,7707aa820997dbaf
64823,53890,7,76561197961491680,3,tabseN,Flashbang,grenade,01JM6FNKBF9886J5FC42CABC27,0,7707aa820997dbaf
64828,53895,7,76561198078771373,3,JDC,Defuse Kit,equipment,01JM6FNM6JZ5SK5JKDQD4AT9T3,0,7707aa820997dbaf
64851,53915,7,76561197961491680,3,tabseN,Defuse Kit,equipment,01JM6FNM6JZ5SK5JKDQG5Y3AA5,0,7707aa820997dbaf
64863,53920,7,76561198078771373,3,JDC,Smoke Grenade,grenade,01JM6FNM6JZ5SK5JKDQH5WV7CC,0,7707aa820997dbaf
64884,53936,7,76561198078771373,3,JDC,Incendiary Grenade,grenade,01JM6FNKBF9886J5FC3V3QXZ37,0,7707aa820997dbaf
64915,53964,7,76561198078771373,3,JDC,Flashbang,grenade,01JM6FNKBE1V4NKCJQ3GCEQB8D,0,7707aa820997dbaf
64978,54008,7,76561197961491680,3,tabseN,M4A1,rifle,01JM6FNKBF9886J5FC3YKRXV8B,0,7707aa820997dbaf
64988,54018,7,76561198078771373,3,JDC,HE Grenade,grenade,01JM6FNJMTXTFPCYSBVW1P9360,0,7707aa820997dbaf
65122,54094,7,76561198061801241,2,dexter,Galil AR,rifle,01JM6FNJMTXTFPCYSBTNKFM3P8,0,7707aa820997dbaf
65167,54128,7,76561198170631091,3,Krimbo,Smoke Grenade,grenade,01JM6FNK1BVGY3HBBG5ZCKHTH9,0,7707aa820997dbaf
65174,54135,7,76561198078771373,3,JDC,M4A1,rifle,01JM6FNKBE1V4NKCJQ3FW15WBH,0,7707aa820997dbaf
65177,54138,7,76561198170631091,3,Krimbo,HE Grenade,grenade,01JM6FNJCAWW0EYX8P16MT7T45,0,7707aa820997dbaf
65318,54223,7,76561198052888143,2,Vexite,Kevlar Vest,equipment,01JM6FNM6VM0PP52C10ZNKKGGD,0,7707aa820997dbaf
65384,54264,7,76561198052888143,2,Vexite,AK-47,rifle,01JM6FNJMTXTFPCYSBV2NFW26W,0,7707aa820997dbaf
65410,54283,7,76561198052888143,2,Vexite,Smoke Grenade,grenade,01JM6FNKBE1V4NKCJQ3N9S99T1,0,7707aa820997dbaf
65532,54361,7,76561198052888143,2,Vexite,Flashbang,grenade,01JM6FNKBE1V4NKCJQ3N1W92SD,0,7707aa820997dbaf
65563,54382,7,76561198098346710,2,aliStair,AK-47,rifle,01JM6FNM6S2KJ27HMTC7R40J69,0,7707aa820997dbaf
65597,54403,7,76561198072321716,2,Liazz,Kevlar Vest,equipment,01JM6FNM70HG0DV78WA2EYJTS6,0,7707aa820997dbaf
65597,54403,7,76561198072321716,2,Liazz,Kevlar + Helmet,equipment,01JM6FNM70HG0DV78WA635X029,0,7707aa820997dbaf
65602,54408,7,76561198072321716,2,Liazz,Smoke Grenade,grenade,01JM6FNM71EAYGTQDN1XWHA0WJ,0,7707aa820997dbaf
65603,54409,7,76561198098346710,2,aliStair,Kevlar + Helmet,equipment,01JM6FNM71EAYGTQDN21KRAZ30,0,7707aa820997dbaf
65604,54410,7,76561198072321716,2,Liazz,HE Grenade,grenade,01JM6FNM71EAYGTQDN245NQFJQ,0,7707aa820997dbaf
65604,54410,7,76561198061801241,2,dexter,Smoke Grenade,grenade,01JM6FNKVFHSWGKHFK1AAC1HMM,0,7707aa820997dbaf
65608,54412,7,76561198072321716,2,Liazz,Flashbang,grenade,01JM6FNM66PCN4806QB3NGSFQR,0,7707aa820997dbaf
65627,54427,7,76561198061801241,2,dexter,Flashbang,grenade,01JM6FNJMTXTFPCYSBV8S71JAD,0,7707aa820997dbaf
65664,54452,7,76561198098346710,2,aliStair,Smoke Grenade,grenade,01JM6FNKC022TT0CHNZFMN0HNW,0,7707aa820997dbaf
65671,54456,7,76561198061801241,2,dexter,Molotov,grenade,01JM6FNJMV50RYKEPXG8FX35RK,0,7707aa820997dbaf
65687,54469,7,76561198098346710,2,aliStair,Flashbang,grenade,01JM6FNJV7DBZ8A6M2KAQAFK87,0,7707aa820997dbaf
65690,54470,7,76561198072321716,2,Liazz,Molotov,grenade,01JM6FNM72V6G8AZ97PSS7CSKP,0,7707aa820997dbaf
65742,54511,7,76561198061801241,2,dexter,HE Grenade,grenade,01JM6FNK3JKE1FA6Y9TCNYZDHY,0,7707aa820997dbaf
73718,61243,8,76561198052888143,2,Vexite,Kevlar + Helmet,equipment,01JM6FNMH7Y6JBXVYY7CMM672E,0,7707aa820997dbaf
73750,61259,8,76561198061801241,2,dexter,Flashbang,grenade,01JM6FNKRGDNVW22H2YQK7XATE,0,7707aa820997dbaf
73793,61280,8,76561197987212623,2,INS,HE Grenade,grenade,01JM6FNKS3G8JFSANZWPQWMZJE,0,7707aa820997dbaf
73808,61291,8,76561197987212623,2,INS,Molotov,grenade,01JM6FNKBF9886J5FC3QN666MS,0,7707aa820997dbaf
73869,61324,8,76561198098346710,2,aliStair,Smoke Grenade,grenade,01JM6FNKNDJ85ASQ3R7WKHW72D,0,7707aa820997dbaf
73913,61350,8,76561197987212623,2,INS,Smoke Grenade,grenade,01JM6FNJNG8GMNK712CH07Z4F4,0,7707aa820997dbaf
73932,61362,8,76561198098346710,2,aliStair,Molotov,grenade,01JM6FNJMV50RYKEPXGHXCV1PD,0,7707aa820997dbaf
74044,61430,8,76561197987212623,2,INS,AK-47,rifle,01JM6FNKMD91F40D1V7EM81MH6,0,7707aa820997dbaf
74103,61461,8,76561198052888143,2,Vexite,Smoke Grenade,grenade,01JM6FNKRGDNVW22H2YN82NJHV,0,7707aa820997dbaf
74106,61462,8,76561198052888143,2,Vexite,Molotov,grenade,01JM6FNKE3Z0M7KC9SXJTR8VJX,0,7707aa820997dbaf
74106,61462,8,76561198052888143,2,Vexite,HE Grenade,grenade,01JM6FNKT5WQQNKJ7P8A3P31HM,0,7707aa820997dbaf
74354,61656,8,76561198072321716,2,Liazz,AK-47,rifle,01JM6FNKRF403SZVKP2R01Y5S7,0,7707aa820997dbaf
74438,61735,8,76561198072321716,2,Liazz,Kevlar Vest,equipment,01JM6FNMHJ5MW96E9ESGQN27ND,0,7707aa820997dbaf
74438,61735,8,76561198072321716,2,Liazz,Kevlar + Helmet,equipment,01JM6FNMHJ5MW96E9ESHB90XQB,0,7707aa820997dbaf
74449,61745,8,76561198072321716,2,Liazz,Smoke Grenade,grenade,01JM6FNJNFWYQVC7YGPZX96WKC,0,7707aa820997dbaf
74452,61747,8,76561198072321716,2,Liazz,HE Grenade,grenade,01JM6FNKBE1V4NKCJQ3TC65JP5,0,7707aa820997dbaf
74455,61750,8,76561198072321716,2,Liazz,Flashbang,grenade,01JM6FNKBE1V4NKCJQ33QS6KE2,0,7707aa820997dbaf
74472,61762,8,76561198061801241,2,dexter,Kevlar + Helmet,equipment,01JM6FNMHKZYFGTCSC4WN4YH1F,0,7707aa820997dbaf
74519,61801,8,76561198072321716,2,Liazz,Molotov,grenade,01JM6FNKRF403SZVKP2M9NWFSK,0,7707aa820997dbaf
74547,61822,8,76561198061801241,2,dexter,Molotov,grenade,01JM6FNKRGDNVW22H2YKNW7Y8J,0,7707aa820997dbaf
74572,61842,8,76561198061801241,2,dexter,HE Grenade,grenade,01JM6FNKS4VC7XJK14SP13TYWW,0,7707aa820997dbaf
74588,61853,8,76561198061801241,2,dexter,Smoke Grenade,grenade,01JM6FNJN8P2TS6MQPF2C2SW86,0,7707aa820997dbaf
76914,63825,8,76561197961491680,3,tabseN,M4A1,rifle,01JM6FNKNV7V0WG3G79SZT46DM,0,7707aa820997dbaf
76938,63845,8,76561197961491680,3,tabseN,Kevlar Vest,equipment,01JM6FNMJGAWQKZ4QSR4X1TVD7,0,7707aa820997dbaf
76953,63855,8,76561197980122997,3,syrsoN,AWP,sniper,01JM6FNKBJAQFCE9QEQW9TWZBY,0,7707aa820997dbaf
76956,63858,8,76561197980122997,3,syrsoN,Kevlar Vest,equipment,01JM6FNMJHT9X797AFPCXV87PH,0,7707aa820997dbaf
76994,63892,8,76561198078771373,3,JDC,Kevlar Vest,equipment,01JM6FNMJHT9X797AFPEZXSDJA,0,7707aa820997dbaf
77023,63915,8,76561198078771373,3,JDC,M4A1,rifle,01JM6FNMJHT9X797AFPJKT59QP,0,7707aa820997dbaf
77039,63926,8,76561197980122997,3,syrsoN,Smoke Grenade,grenade,01JM6FNMJJ9J29NPR8E4T3XMY0,0,7707aa820997dbaf
77042,63929,8,76561197980122997,3,syrsoN,Flashbang,grenade,01JM6FNMJJ9J29NPR8E8MA3Z82,0,7707aa820997dbaf
77047,63932,8,76561198078771373,3,JDC,Smoke Grenade,grenade,01JM6FNJRD5EKB4R1WFYAHWWBC,0,7707aa820997dbaf
77063,63941,8,76561198078771373,3,JDC,HE Grenade,grenade,01JM6FNKBE1V4NKCJQ37KVD4HY,1,7707aa820997dbaf
77115,63982,8,76561198172837021,3,rigoN,MP9,smg,01JM6FNKS4VC7XJK14SSGCJQ61,0,7707aa820997dbaf
77139,64003,8,76561198172837021,3,rigoN,Kevlar Vest,equipment,01JM6FNMJK8T3M4GBX8WRXTFSR,0,7707aa820997dbaf
77145,64008,8,76561198078771373,3,JDC,Incendiary Grenade,grenade,01JM6FNJBK7KFWJTEAMEDSM2XN,0,7707aa820997dbaf
77152,64011,8,76561198170631091,3,Krimbo,MP9,smg,01JM6FNKBE1V4NKCJQ3P8QBQ7C,0,7707aa820997dbaf
77164,64020,8,76561198078771373,3,JDC,Flashbang,grenade,01JM6FNMJMGY0BJ6HTC00K1TQN,0,7707aa820997dbaf
77185,64037,8,76561198172837021,3,rigoN,Incendiary Grenade,grenade,01JM6FNKC911Q4KWCCX2P6JSNX,0,7707aa820997dbaf
77199,64048,8,76561198172837021,3,rigoN,HE Grenade,grenade,01JM6FNKC8HDBRR3WBE3EXB5JR,1,7707aa820997dbaf
77231,64072,8,76561198172837021,3,rigoN,Flashbang,grenade,01JM6FNK19K2GM7GW48B23AWN6,0,7707aa820997dbaf
77231,64072,8,76561198170631091,3,Krimbo,Kevlar + Helmet,equipment,01JM6FNMJNGSHGKA2CTZ4NC4Q1,0,7707aa820997dbaf
77296,64121,8,76561197961491680,3,tabseN,Smoke Grenade,grenade,01JM6FNKZ692HFB9JMT5WCX76X,0,7707aa820997dbaf
77333,64148,8,76561197961491680,3,tabseN,Incendiary Grenade,grenade,01JM6FNKVGY1RJEB0PXZEYQYPX,0,7707aa820997dbaf
77342,64154,8,76561198172837021,3,rigoN,Smoke Grenade,grenade,01JM6FNKVMANTYXT728VAH208C,0,7707aa820997dbaf
77354,64164,8,76561198170631091,3,Krimbo,Smoke Grenade,grenade,01JM6FNM9ZT3MM7AE4KPSWF1TD,0,7707aa820997dbaf
77361,64167,8,76561197961491680,3,tabseN,Flashbang,grenade,01JM6FNMJQTG5MNRG1BADYQF0A,0,7707aa820997dbaf
77975,64591,8,76561198170631091,3,Krimbo,Flashbang,grenade,01JM6FNKNH74ZDD8TSH6DBEQFY,0,7707aa820997dbaf
89790,74744,9,76561198052888143,2,Vexite,Kevlar + Helmet,equipment,01JM6FNN0H14YGEVN56FWAV18M,0,7707aa820997dbaf
89797,74746,9,76561198052888143,2,Vexite,AK-47,rifle,01JM6FNM64TSZEP4JTMYAXPYS9,0,7707aa820997dbaf
89825,74760,9,76561198052888143,2,Vexite,Flashbang,grenade,01JM6FNM6JZ5SK5JKDQCNRRMYH,0,7707aa820997dbaf
89828,74761,9,76561198052888143,2,Vexite,Molotov,grenade,01JM6FNM6398Y99Q01KCAQ4JKF,0,7707aa820997dbaf
89828,74761,9,76561198052888143,2,Vexite,Smoke Grenade,grenade,01JM6FNM6398Y99Q01KB01EX0Z,0,7707aa820997dbaf
89831,74764,9,76561198052888143,2,Vexite,HE Grenade,grenade,01JM6FNM64TSZEP4JTMQSVE4SP,0,7707aa820997dbaf
90091,74970,9,76561197987212623,2,INS,HE Grenade,grenade,01JM6FNM64TSZEP4JTMRDYBYE3,0,7707aa820997dbaf
90102,74981,9,76561197987212623,2,INS,Molotov,grenade,01JM6FNM620KM1CMABMSCKTHSJ,0,7707aa820997dbaf
90118,74995,9,76561197987212623,2,INS,Smoke Grenade,grenade,01JM6FNM620KM1CMABMP8V0HBE,0,7707aa820997dbaf
90130,75004,9,76561197987212623,2,INS,Flashbang,grenade,01JM6FNM6398Y99Q01KDRRCJ19,0,7707aa820997dbaf
90136,75008,9,76561198098346710,2,aliStair,Smoke Grenade,grenade,01JM6FNM6398Y99Q01KDE53RBA,0,7707aa820997dbaf
90174,75035,9,76561198098346710,2,aliStair,Molotov,grenade,01JM6FNM4PBRNVF2QCSH6HD93C,0,7707aa820997dbaf
90513,75284,9,76561198172837021,3,rigoN,FAMAS,rifle,01JM6FNJMV50RYKEPXGZW74Y99,0,7707aa820997dbaf
90536,75301,9,76561198172837021,3,rigoN,Kevlar Vest,equipment,01JM6FNN0W2YBR145RDBT60TNP,0,7707aa820997dbaf
90583,75335,9,76561198172837021,3,rigoN,Smoke Grenade,grenade,01JM6FNKY79TQ9GBH7MBA75HBD,1,7707aa820997dbaf
90599,75345,9,76561198172837021,3,rigoN,HE Grenade,grenade,01JM6FNM6XRSW20FZD2XYM736X,1,7707aa820997dbaf
90641,75378,9,76561198078771373,3,JDC,M4A1,rifle,01JM6FNN0Y36N5CKW8EZF9706S,0,7707aa820997dbaf
90662,75396,9,76561198078771373,3,JDC,Smoke Grenade,grenade,01JM6FNKVNT8P6F7N9MASFRXZB,0,7707aa820997dbaf
90734,75456,9,76561198078771373,3,JDC,Flashbang,grenade,01JM6FNM6398Y99Q01K6QTKR30,0,7707aa820997dbaf
90796,75506,9,76561198170631091,3,Krimbo,M4A1,rifle,01JM6FNM6398Y99Q01KFB9Y5EZ,0,7707aa820997dbaf
90801,75509,9,76561198172837021,3,rigoN,Incendiary Grenade,grenade,01JM6FNN10NRC4592VSCCXSFGX,1,7707aa820997dbaf
90832,75538,9,76561197961491680,3,tabseN,Kevlar + Helmet,equipment,01JM6FNN10NRC4592VSG73ZP45,0,7707aa820997dbaf
90866,75564,9,76561198172837021,3,rigoN,HE Grenade,grenade,01JM6FNKCAK3W1G0WD8NZN2N2X,0,7707aa820997dbaf
90880,75574,9,76561198172837021,3,rigoN,Smoke Grenade,grenade,01JM6FNN113J6J3SG4PA9ATCKK,0,7707aa820997dbaf
90880,75574,9,76561197980122997,3,syrsoN,HE Grenade,grenade,01JM6FNM6S2KJ27HMTC70BTHQG,1,7707aa820997dbaf
90895,75582,9,76561197961491680,3,tabseN,Smoke Grenade,grenade,01JM6FNN113J6J3SG4PEZ7W93E,0,7707aa820997dbaf
90904,75591,9,76561197961491680,3,tabseN,HE Grenade,grenade,01JM6FNM69PV2ED525ESSQTNGD,0,7707aa820997dbaf
90917,75599,9,76561197961491680,3,tabseN,Incendiary Grenade,grenade,01JM6FNM6GAE15TFB2CKZ3057G,0,7707aa820997dbaf
90927,75609,9,76561197961491680,3,tabseN,Flashbang,grenade,01JM6FNM6JZ5SK5JKDQG76WN1E,0,7707aa820997dbaf
90957,75634,9,76561197961491680,3,tabseN,Defuse Kit,equipment,01JM6FNN12GW678WA16JXGZG76,0,7707aa820997dbaf
91183,75786,9,76561197980122997,3,syrsoN,Incendiary Grenade,grenade,01JM6FNN17VD0EQHVGMDKXJAY1,0,7707aa820997dbaf
91408,75950,9,76561198061801241,2,dexter,AK-47,rifle,01JM6FNKT0EY3DDQNFBEVAJZ7R,0,7707aa820997dbaf
93904,77957,9,76561198170631091,3,Krimbo,M4A1,rifle,01JM6FNM64TSZEP4JTMVWH1CAF,0,7707aa820997dbaf
93954,77990,9,76561198170631091,3,Krimbo,Kevlar + Helmet,equipment,01JM6FNN2A8KBKF7C8MJTR82PC,0,7707aa820997dbaf
94001,78029,9,76561198170631091,3,Krimbo,Smoke Grenade,grenade,01JM6FNM6Z58FS28FJGVXGJ6ME,0,7707aa820997dbaf
94017,78039,9,76561198170631091,3,Krimbo,HE Grenade,grenade,01JM6FNN113J6J3SG4PDASMGGT,0,7707aa820997dbaf
94034,78051,9,76561198170631091,3,Krimbo,Flashbang,grenade,01JM6FNN10NRC4592VSE9T22ZK,0,7707aa820997dbaf
103381,85685,10,76561197987212623,2,INS,AK-47,rifle,01JM6FNMH47V2MDPJD0Q79J5ZN,0,7707aa820997dbaf
103401,85699,10,76561197987212623,2,INS,Smoke Grenade,grenade,01JM6FNMD3Z0NZKMC18JKST5Y3,0,7707aa820997dbaf
103415,85710,10,76561197987212623,2,INS,HE Grenade,grenade,01JM6FNMHJ5MW96E9ESHG9D17T,0,7707aa820997dbaf
103433,85720,10,76561197987212623,2,INS,Molotov,grenade,01JM6FNM6398Y99Q01K3ZKHBQ6,0,7707aa820997dbaf
103462,85741,10,76561197987212623,2,INS,Flashbang,grenade,01JM6FNMK0DCXPFFZFQH2ZMCP2,0,7707aa820997dbaf
103492,85767,10,76561197987212623,2,INS,Kevlar + Helmet,equipment,01JM6FNNC4BT3X6XFMH34495HB,0,7707aa820997dbaf
103646,85874,10,76561197961491680,3,tabseN,Smoke Grenade,grenade,01JM6FNMHJ5MW96E9ESJN831N4,0,7707aa820997dbaf
103661,85884,10,76561197961491680,3,tabseN,HE Grenade,grenade,01JM6FNK73S8BGX2CZKVG2M4Q4,0,7707aa820997dbaf
103735,85939,10,76561198098346710,2,aliStair,Kevlar + Helmet,equipment,01JM6FNNC84X0PN8VVCXZ669KX,0,7707aa820997dbaf
103817,85996,10,76561198098346710,2,aliStair,MAC-10,smg,01JM6FNMH47V2MDPJD15ZRMFKV,1,7707aa820997dbaf
103827,86001,10,76561198172837021,3,rigoN,M4A1,rifle,01JM6FNM6GAE15TFB2CDGYKGKP,0,7707aa820997dbaf
103839,86009,10,76561198072321716,2,Liazz,Kevlar + Helmet,equipment,01JM6FNNC9W52ZNN7G9N9HEW8R,0,7707aa820997dbaf
103839,86009,10,76561198072321716,2,Liazz,AK-47,rifle,01JM6FNMH47V2MDPJD1AHJ3RTV,0,7707aa820997dbaf
103852,86018,10,76561198172837021,3,rigoN,Kevlar Vest,equipment,01JM6FNNC9W52ZNN7G9RV9H8SA,0,7707aa820997dbaf
103888,86043,10,76561198072321716,2,Liazz,Smoke Grenade,grenade,01JM6FNMH5SM7QPCY0YV9BKV5D,0,7707aa820997dbaf
103889,86044,10,76561198072321716,2,Liazz,HE Grenade,grenade,01JM6FNMH5SM7QPCY0YZ4FV6AH,0,7707aa820997dbaf
103895,86046,10,76561198072321716,2,Liazz,Flashbang,grenade,01JM6FNM7Z0B2RT6WT25ZTE0J4,0,7707aa820997dbaf
103909,86058,10,76561198172837021,3,rigoN,Incendiary Grenade,grenade,01JM6FNMH47V2MDPJD0W0M5F9M,0,7707aa820997dbaf
103919,86068,10,76561198172837021,3,rigoN,HE Grenade,grenade,01JM6FNMH47V2MDPJD0TQ82SKM,1,7707aa820997dbaf
103955,86095,10,76561198072321716,2,Liazz,Molotov,grenade,01JM6FNMHJ5MW96E9ESMWZ00DZ,0,7707aa820997dbaf
103986,86122,10,76561198098346710,2,aliStair,HE Grenade,grenade,01JM6FNMH3QFK64PGNY6Z9R9JJ,0,7707aa820997dbaf
104003,86135,10,76561198172837021,3,rigoN,Smoke Grenade,grenade,01JM6FNNCCFQ5TKY0A6MY37DDY,0,7707aa820997dbaf
104051,86171,10,76561198052888143,2,Vexite,MAC-10,smg,01JM6FNM72V6G8AZ97PSS7CSKP,0,7707aa820997dbaf
104107,86214,10,76561197961491680,3,tabseN,Incendiary Grenade,grenade,01JM6FNM6S2KJ27HMTC7R40J69,0,7707aa820997dbaf
104207,86288,10,76561198170631091,3,Krimbo,M4A1,rifle,01JM6FNMJMGY0BJ6HTC3D1CDNB,0,7707aa820997dbaf
104225,86301,10,76561198061801241,2,dexter,Kevlar + Helmet,equipment,01JM6FNNCH0EDHDSWWG0C7Q7R4,0,7707aa820997dbaf
104225,86301,10,76561198061801241,2,dexter,AK-47,rifle,01JM6FNKFBHCP8R6W5259T2S6N,0,7707aa820997dbaf
104282,86348,10,76561198170631091,3,Krimbo,Kevlar Vest,equipment,01JM6FNNCJX4DEF35MYHTSRNNY,0,7707aa820997dbaf
104297,86362,10,76561198078771373,3,JDC,Kevlar + Helmet,equipment,01JM6FNNCJX4DEF35MYKTY2SNC,0,7707aa820997dbaf
104320,86383,10,76561198170631091,3,Krimbo,Smoke Grenade,grenade,01JM6FNM66PCN4806QB1GYP5ZH,0,7707aa820997dbaf
104329,86392,10,76561198170631091,3,Krimbo,HE Grenade,grenade,01JM6FNM5N2SQE7BQCVNEPXW2M,0,7707aa820997dbaf
104341,86403,10,76561198061801241,2,dexter,Flashbang,grenade,01JM6FNM71EAYGTQDN1WNCNQ4J,0,7707aa820997dbaf
104341,86403,10,76561198170631091,3,Krimbo,Flashbang,grenade,01JM6FNKVPYD2565CTTXCT4DYT,0,7707aa820997dbaf
104362,86414,10,76561198061801241,2,dexter,Smoke Grenade,grenade,01JM6FNNCKY58707NZZJSNHKB3,0,7707aa820997dbaf
104387,86430,10,76561198061801241,2,dexter,HE Grenade,grenade,01JM6FNKBE1V4NKCJQ3T6Y8Z5S,0,7707aa820997dbaf
104390,86433,10,76561198052888143,2,Vexite,AK-47,rifle,01JM6FNKVVR8RBAYK5THVC8BQT,0,7707aa820997dbaf
104402,86442,10,76561198061801241,2,dexter,Molotov,grenade,01JM6FNNCMGNGZ3MHWFB1N5A4T,0,7707aa820997dbaf
104500,86519,10,76561198052888143,2,Vexite,Kevlar + Helmet,equipment,01JM6FNNCNBJVVYT6WBE7S30ZH,0,7707aa820997dbaf
104568,86577,10,76561198052888143,2,Vexite,Smoke Grenade,grenade,01JM6FNNCPNG9TJAEBE1HFBH53,0,7707aa820997dbaf
104645,86646,10,76561197980122997,3,syrsoN,SSG 08,sniper,01JM6FNNCQZFT6Y95NW9VJCGED,1,7707aa820997dbaf
104712,86707,10,76561198052888143,2,Vexite,Molotov,grenade,01JM6FNNC271ASR1VKGATGP126,0,7707aa820997dbaf
104747,86734,10,76561198078771373,3,JDC,M4A1,rifle,01JM6FNMH47V2MDPJD0YWYCHQ8,0,7707aa820997dbaf
104774,86756,10,76561198078771373,3,JDC,Smoke Grenade,grenade,01JM6FNNC9W52ZNN7G9HA3FEH3,0,7707aa820997dbaf
104783,86764,10,76561198078771373,3,JDC,HE Grenade,grenade,01JM6FNNCCFQ5TKY0A6M2258AM,0,7707aa820997dbaf
104790,86766,10,76561198052888143,2,Vexite,Flashbang,grenade,01JM6FNN0JBB0S9RGNCHWWTMQJ,0,7707aa820997dbaf
104796,86769,10,76561198052888143,2,Vexite,HE Grenade,grenade,01JM6FNN0ECXQDYRNN5X5JY1GX,0,7707aa820997dbaf
104799,86772,10,76561198078771373,3,JDC,Incendiary Grenade,grenade,01JM6FNKRF403SZVKP2R01Y5S7,0,7707aa820997dbaf
104820,86784,10,76561198078771373,3,JDC,Flashbang,grenade,01JM6FNM69PV2ED525EQ8NQYZA,0,7707aa820997dbaf
104890,86844,10,76561198078771373,3,JDC,Defuse Kit,equipment,01JM6FNNCTWJRWZJFX3RN3JDQ1,0,7707aa820997dbaf
104956,86894,10,76561197980122997,3,syrsoN,MP9,smg,01JM6FNNBZTMW6NBNASGNSYNEG,0,7707aa820997dbaf
110560,91547,11,76561198052888143,2,Vexite,Flashbang,grenade,01JM6FNKQMJHBS5XPZH2JP03FX,0,7707aa820997dbaf
110560,91547,11,76561198052888143,2,Vexite,Smoke Grenade,grenade,01JM6FNMSF2TRMM8T3ZYMYH0QC,0,7707aa820997dbaf
110560,91547,11,76561198052888143,2,Vexite,Molotov,grenade,01JM6FNNK1HQVE03PE5CK758ZR,0,7707aa820997dbaf
110570,91555,11,76561197987212623,2,INS,AK-47,rifle,01JM6FNMJMGY0BJ6HTBY6A9BN7,0,7707aa820997dbaf
110583,91562,11,76561198172837021,3,rigoN,MP9,smg,01JM6FNN113J6J3SG4PGC451XH,1,7707aa820997dbaf
110586,91565,11,76561197987212623,2,INS,Smoke Grenade,grenade,01JM6FNKBF9886J5FC3YKRXV8B,0,7707aa820997dbaf
110600,91578,11,76561197987212623,2,INS,HE Grenade,grenade,01JM6FNN0G0PTA8DKMXRMBSHSK,0,7707aa820997dbaf
110625,91595,11,76561197987212623,2,INS,Molotov,grenade,01JM6FNN0G0PTA8DKMXNMGCXS2,0,7707aa820997dbaf
110651,91613,11,76561197987212623,2,INS,Flashbang,grenade,01JM6FNMMCP8ZVW3MRRQWK10BA,0,7707aa820997dbaf
110676,91636,11,76561197987212623,2,INS,Kevlar + Helmet,equipment,01JM6FNNK359SP2NY8PQY2WXS0,0,7707aa820997dbaf
110779,91717,11,76561198078771373,3,JDC,Kevlar Vest,equipment,01JM6FNNK5PZPWE2XFFHNYTKBD,0,7707aa820997dbaf
110807,91739,11,76561198078771373,3,JDC,M4A1,rifle,01JM6FNN0JBB0S9RGNCEZTSF4Z,0,7707aa820997dbaf
110826,91752,11,76561198078771373,3,JDC,Smoke Grenade,grenade,01JM6FNM85WBWBN55FN442NFQB,0,7707aa820997dbaf
110837,91761,11,76561198078771373,3,JDC,HE Grenade,grenade,01JM6FNNK6ZVF0JHM8D515AE6Y,0,7707aa820997dbaf
110844,91768,11,76561198078771373,3,JDC,Incendiary Grenade,grenade,01JM6FNNK6ZVF0JHM8D7YFQRTA,0,7707aa820997dbaf
110883,91797,11,76561198170631091,3,Krimbo,Kevlar Vest,equipment,01JM6FNNK7H6D1KCQ40CJX9KP0,0,7707aa820997dbaf
110883,91797,11,76561197961491680,3,tabseN,M4A1,rifle,01JM6FNJDH0ZDSBKWP2THPBJJA,0,7707aa820997dbaf
110914,91816,11,76561197961491680,3,tabseN,Kevlar Vest,equipment,01JM6FNNK7H6D1KCQ40GJDFX7S,0,7707aa820997dbaf
110952,91840,11,76561197980122997,3,syrsoN,SSG 08,sniper,01JM6FNN0G0PTA8DKMXW4MV6WY,0,7707aa820997dbaf
110978,91862,11,76561198172837021,3,rigoN,MP9,smg,01JM6FNN0G0PTA8DKMXWZ07JHN,0,7707aa820997dbaf
110990,91870,11,76561197961491680,3,tabseN,Smoke Grenade,grenade,01JM6FNMVTT1SF756BA630HRSV,0,7707aa820997dbaf
111003,91883,11,76561198172837021,3,rigoN,Kevlar + Helmet,equipment,01JM6FNNK8PSP7D1YWBH80X0FX,0,7707aa820997dbaf
111004,91884,11,76561197980122997,3,syrsoN,Kevlar Vest,equipment,01JM6FNNK8PSP7D1YWBM6ARW17,0,7707aa820997dbaf
111037,91907,11,76561197961491680,3,tabseN,HE Grenade,grenade,01JM6FNNKAS0PGTFTCBJQQMB6K,0,7707aa820997dbaf
111054,91919,11,76561198172837021,3,rigoN,Incendiary Grenade,grenade,01JM6FNMMK31M7237XYXW7RMTF,0,7707aa820997dbaf
111058,91921,11,76561198170631091,3,Krimbo,M4A1,rifle,01JM6FNNKAS0PGTFTCBNKR8YQ4,0,7707aa820997dbaf
111071,91931,11,76561198172837021,3,rigoN,HE Grenade,grenade,01JM6FNMKY0BFZNPKMTNGEXD5H,0,7707aa820997dbaf
111089,91944,11,76561198172837021,3,rigoN,Smoke Grenade,grenade,01JM6FNKRVMBTM8ERWTW8AJYZ6,0,7707aa820997dbaf
111255,92066,11,76561197980122997,3,syrsoN,Smoke Grenade,grenade,01JM6FNMX2HXPJ2J1DX2A33Q4D,0,7707aa820997dbaf
111589,92325,11,76561198098346710,2,aliStair,Kevlar + Helmet,equipment,01JM6FNNKH7SVB2BZBKGZ5VWME,0,7707aa820997dbaf
111628,92346,11,76561198098346710,2,aliStair,AK-47,rifle,01JM6FNMZQ8DPH2W67WM1Y500Y,0,7707aa820997dbaf
111663,92376,11,76561198098346710,2,aliStair,Flashbang,grenade,01JM6FNNKJF8H0V5X7NZFN9SGP,0,7707aa820997dbaf
111673,92382,11,76561198061801241,2,dexter,Kevlar + Helmet,equipment,01JM6FNNKJF8H0V5X7P1B7SQ8G,0,7707aa820997dbaf
111696,92400,11,76561198098346710,2,aliStair,Smoke Grenade,grenade,01JM6FNNKKTYF21PPCF6ZW6EMP,0,7707aa820997dbaf
111728,92426,11,76561198061801241,2,dexter,AK-47,rifle,01JM6FNMM4DZ8G9EF4VDM3C7V1,0,7707aa820997dbaf
111798,92478,11,76561197980122997,3,syrsoN,Incendiary Grenade,grenade,01JM6FNKSR9KKM8YP4R948BSAC,0,7707aa820997dbaf
111809,92484,11,76561198098346710,2,aliStair,Molotov,grenade,01JM6FNKBHAHS09WSEM0DXEZ25,0,7707aa820997dbaf
111810,92485,11,76561197980122997,3,syrsoN,HE Grenade,grenade,01JM6FNM6KAGJT100TMTGETDD9,0,7707aa820997dbaf
111843,92508,11,76561198061801241,2,dexter,Flashbang,grenade,01JM6FNMH47V2MDPJD0WPA09F0,0,7707aa820997dbaf
111859,92521,11,76561198061801241,2,dexter,Smoke Grenade,grenade,01JM6FNM98PE9S0SA6J73PME75,0,7707aa820997dbaf
111873,92532,11,76561198072321716,2,Liazz,Kevlar + Helmet,equipment,01JM6FNNKPBW16P6P535HYZTR6,0,7707aa820997dbaf
111873,92532,11,76561198072321716,2,Liazz,AK-47,rifle,01JM6FNN13GETEVN3S17M6RVEZ,0,7707aa820997dbaf
111877,92536,11,76561198072321716,2,Liazz,Smoke Grenade,grenade,01JM6FNMJP9E7MHC1RACBBRYNJ,0,7707aa820997dbaf
111879,92538,11,76561198072321716,2,Liazz,Flashbang,grenade,01JM6FNN113J6J3SG4PEJ0HF8J,0,7707aa820997dbaf
111961,92593,11,76561198061801241,2,dexter,Molotov,grenade,01JM6FNKC911Q4KWCCWXMKHJ48,0,7707aa820997dbaf
111971,92601,11,76561198072321716,2,Liazz,Molotov,grenade,01JM6FNKNV7V0WG3G79SZT46DM,0,7707aa820997dbaf
111977,92607,11,76561198061801241,2,dexter,HE Grenade,grenade,01JM6FNNKQZXJVK08F23FFS0HY,0,7707aa820997dbaf
117179,96924,12,76561198078771373,3,JDC,Smoke Grenade,grenade,01JM6FNJBV9HVWCV61AZP1B8MR,0,7707aa820997dbaf
117192,96933,12,76561198078771373,3,JDC,HE Grenade,grenade,01JM6FNN4SPKF96T6CH76VWZY9,0,7707aa820997dbaf
117207,96941,12,76561198078771373,3,JDC,Incendiary Grenade,grenade,01JM6FNN0G0PTA8DKMXMBVRKV5,0,7707aa820997dbaf
117221,96951,12,76561197961491680,3,tabseN,Kevlar + Helmet,equipment,01JM6FNNSVAR4KYEDTZSRC8Z1G,0,7707aa820997dbaf
117310,96998,12,76561197961491680,3,tabseN,Smoke Grenade,grenade,01JM6FNNSXMQPHEQ58D4ZFGMCA,0,7707aa820997dbaf
117325,97007,12,76561197961491680,3,tabseN,HE Grenade,grenade,01JM6FNM826XQ7CQR2H7TSV972,0,7707aa820997dbaf
117336,97016,12,76561197961491680,3,tabseN,Incendiary Grenade,grenade,01JM6FNN17VD0EQHVGMAYJB9PD,0,7707aa820997dbaf
117352,97026,12,76561197961491680,3,tabseN,Flashbang,grenade,01JM6FNNSYX1XV274RK3803H5E,0,7707aa820997dbaf
117353,97027,12,76561198078771373,3,JDC,Defuse Kit,equipment,01JM6FNNSYX1XV274RK3JFBG6Y,0,7707aa820997dbaf
117394,97052,12,76561197961491680,3,tabseN,Defuse Kit,equipment,01JM6FNNSZ1VX3J793WF65ZCWY,0,7707aa820997dbaf
117505,97132,12,76561198172837021,3,rigoN,HE Grenade,grenade,01JM6FNKVZW8CZ48EV5ECFT7BZ,0,7707aa820997dbaf
117526,97145,12,76561198172837021,3,rigoN,Smoke Grenade,grenade,01JM6FNNT1HYBK2EME3HKX0Y6V,0,7707aa820997dbaf
117539,97156,12,76561198172837021,3,rigoN,Flashbang,grenade,01JM6FNN8ZM1GZ6MW0TBTR5B8R,0,7707aa820997dbaf
117587,97183,12,76561198172837021,3,rigoN,Defuse Kit,equipment,01JM6FNNT2EGMH4V1C68DAKY4D,0,7707aa820997dbaf
117602,97193,12,76561198078771373,3,JDC,Kevlar + Helmet,equipment,01JM6FNNT2EGMH4V1C68F8Z3ZE,0,7707aa820997dbaf
117625,97212,12,76561198170631091,3,Krimbo,Kevlar + Helmet,equipment,01JM6FNNT2EGMH4V1C6AMA3H1C,0,7707aa820997dbaf
117681,97251,12,76561198172837021,3,rigoN,Flashbang,grenade,01JM6FNJRNCSEFZNC5JXVNYVZ9,0,7707aa820997dbaf
117685,97253,12,76561198170631091,3,Krimbo,Smoke Grenade,grenade,01JM6FNNC0VW8ZD3FGPPVETA7G,0,7707aa820997dbaf
117696,97262,12,76561198170631091,3,Krimbo,HE Grenade,grenade,01JM6FNNC0VW8ZD3FGPRS8FM52,0,7707aa820997dbaf
117710,97271,12,76561198170631091,3,Krimbo,Incendiary Grenade,grenade,01JM6FNN3XP2T098KHRMZKS682,0,7707aa820997dbaf
117725,97283,12,76561198170631091,3,Krimbo,Flashbang,grenade,01JM6FNNCJX4DEF35MYNF71R7C,0,7707aa820997dbaf
117764,97308,12,76561198170631091,3,Krimbo,Defuse Kit,equipment,01JM6FNNT561HARR4P6HAJAQRS,0,7707aa820997dbaf
117796,97331,12,76561198098346710,2,aliStair,Kevlar + Helmet,equipment,01JM6FNNT561HARR4P6MQWAFNY,0,7707aa820997dbaf
117831,97352,12,76561198170631091,3,Krimbo,Dual Berettas,pistol,01JM6FNNBYZR5E9W7EHWJ21XT9,0,7707aa820997dbaf
117839,97355,12,76561198172837021,3,rigoN,Desert Eagle,pistol,01JM6FNNBYZR5E9W7EHZ0QR4R7,1,7707aa820997dbaf
117892,97386,12,76561197980122997,3,syrsoN,M4A1,rifle,01JM6FNNCR4YSA1A0YB2T88K9Q,0,7707aa820997dbaf
117901,97390,12,76561198098346710,2,aliStair,MAC-10,smg,01JM6FNNBZTMW6NBNAS5FY2425,0,7707aa820997dbaf
117938,97414,12,76561197980122997,3,syrsoN,Kevlar + Helmet,equipment,01JM6FNNT8ZMETWQ3DR5894BXV,0,7707aa820997dbaf
117966,97437,12,76561197980122997,3,syrsoN,HE Grenade,grenade,01JM6FNJMTXTFPCYSBTNKFM3P8,0,7707aa820997dbaf
117989,97458,12,76561198098346710,2,aliStair,Smoke Grenade,grenade,01JM6FNM8EX825514EKHDV20ET,0,7707aa820997dbaf
118015,97473,12,76561198098346710,2,aliStair,Flashbang,grenade,01JM6FNK1NCRZ5QQR384YT12AM,0,7707aa820997dbaf
118052,97493,12,76561197987212623,2,INS,Tec-9,pistol,01JM6FNMHMQSY14GECPNWM258H,0,7707aa820997dbaf
118077,97510,12,76561197987212623,2,INS,Kevlar + Helmet,equipment,01JM6FNNTA88NPP0GZ8BW7F44P,0,7707aa820997dbaf
118140,97555,12,76561198072321716,2,Liazz,Tec-9,pistol,01JM6FNNTBB1V9Q8TNM4J6KGN0,0,7707aa820997dbaf
118167,97576,12,76561198072321716,2,Liazz,Kevlar Vest,equipment,01JM6FNNTCJHZ7ZPF017AWGZGT,0,7707aa820997dbaf
118168,97577,12,76561197987212623,2,INS,HE Grenade,grenade,01JM6FNNTCJHZ7ZPF017CE0C4B,0,7707aa820997dbaf
118202,97600,12,76561198052888143,2,Vexite,Kevlar + Helmet,equipment,01JM6FNNTCJHZ7ZPF01925MCJS,0,7707aa820997dbaf
118205,97601,12,76561198052888143,2,Vexite,AK-47,rifle,01JM6FNJBGSNR3GR77J405JC1V,0,7707aa820997dbaf
118301,97678,12,76561198072321716,2,Liazz,HE Grenade,grenade,01JM6FNNSVAR4KYEDTZMMBZKNK,0,7707aa820997dbaf
118344,97710,12,76561197961491680,3,tabseN,Five-SeveN,pistol,01JM6FNNTGQZFW9FP3V43FG9NR,1,7707aa820997dbaf
118376,97735,12,76561197980122997,3,syrsoN,Defuse Kit,equipment,01JM6FNNTH3CYHZKQK7TAJTES9,0,7707aa820997dbaf
118409,97757,12,76561198061801241,2,dexter,Tec-9,pistol,01JM6FNNSRSRTAQGWPNKT6N4H9,0,7707aa820997dbaf
118439,97783,12,76561198061801241,2,dexter,Kevlar Vest,equipment,01JM6FNNTJ3T43TJQY998D78WZ,0,7707aa820997dbaf
118485,97822,12,76561198052888143,2,Vexite,Molotov,grenade,01JM6FNNC0VW8ZD3FGPTPWEVGW,0,7707aa820997dbaf
118523,97849,12,76561197987212623,2,INS,Molotov,grenade,01JM6FNNCBPV1YPSX5QNGHX678,1,7707aa820997dbaf
118534,97858,12,76561198061801241,2,dexter,Smoke Grenade,grenade,01JM6FNNTKGH0QD0A96EC3JB1H,0,7707aa820997dbaf
118550,97870,12,76561198061801241,2,dexter,Flashbang,grenade,01JM6FNNCJX4DEF35MYPXFBR91,0,7707aa820997dbaf
118589,97895,12,76561197987212623,2,INS,Flashbang,grenade,01JM6FNNTMGV9ZF091ACWCGYTG,0,7707aa820997dbaf
118686,97961,12,76561198172837021,3,rigoN,MP9,smg,01JM6FNNCS7KWVV516FACZA3YG,0,7707aa820997dbaf
118698,97971,12,76561197987212623,2,INS,Smoke Grenade,grenade,01JM6FNN44JEFJV6F95M59JGAD,0,7707aa820997dbaf
118935,98109,12,76561198061801241,2,dexter,MAC-10,smg,01JM6FNNCS7KWVV516FAC62KYR,0,7707aa820997dbaf
118945,98118,12,76561198078771373,3,JDC,Kevlar + Helmet,equipment,01JM6FNNTTZ4MBPB3F5KJTMM04,0,7707aa820997dbaf
118959,98128,12,76561198078771373,3,JDC,Defuse Kit,equipment,01JM6FNNTTZ4MBPB3F5M1K3JG1,0,7707aa820997dbaf
118966,98131,12,76561198052888143,2,Vexite,Smoke Grenade,grenade,01JM6FNNCNBJVVYT6WBHJCZ8C5,0,7707aa820997dbaf
118967,98132,12,76561198052888143,2,Vexite,Flashbang,grenade,01JM6FNNBZTMW6NBNASH0PCZQ3,0,7707aa820997dbaf
129206,106982,13,76561198172837021,2,rigoN,Dual Berettas,pistol,01JM6FNM6HXSHFMXKPSTZW6TJB,0,7707aa820997dbaf
129281,107039,13,76561198078771373,2,JDC,Kevlar Vest,equipment,01JM6FNP4RB9S98QMG03AWXWT7,0,7707aa820997dbaf
129286,107044,13,76561197980122997,2,syrsoN,Kevlar Vest,equipment,01JM6FNP4RB9S98QMG04D3XDG7,0,7707aa820997dbaf
129293,107048,13,76561198172837021,2,rigoN,Smoke Grenade,grenade,01JM6FNNJYWS2BY7KCW8XKJVXK,0,7707aa820997dbaf
129305,107059,13,76561198172837021,2,rigoN,Flashbang,grenade,01JM6FNNJZRFG21QJZ2E9WQX84,1,7707aa820997dbaf
129314,107066,13,76561197961491680,2,tabseN,Flashbang,grenade,01JM6FNNJZRFG21QJZ2CJ8YM8Z,0,7707aa820997dbaf
129446,107164,13,76561197987212623,3,INS,Kevlar Vest,equipment,01JM6FNP4VVMT88NGZ09ESSZP8,0,7707aa820997dbaf
129526,107224,13,76561198172837021,2,rigoN,Flashbang,grenade,01JM6FNNDQPZSXH6HKP45541ZG,0,7707aa820997dbaf
129539,107233,13,76561198052888143,3,Vexite,Kevlar Vest,equipment,01JM6FNP4WYX80ZSGT6VF72CXN,0,7707aa820997dbaf
129658,107325,13,76561198061801241,3,dexter,Flashbang,grenade,01JM6FNP4VVMT88NGZ0C0ZS3WB,0,7707aa820997dbaf
129679,107338,13,76561198061801241,3,dexter,HE Grenade,grenade,01JM6FNNJZRFG21QJZ21QXDJ6H,0,7707aa820997dbaf
129715,107368,13,76561197980122997,2,syrsoN,P250,pistol,01JM6FNNJYWS2BY7KCWFY7ZK0T,0,7707aa820997dbaf
129725,107377,13,76561198061801241,3,dexter,Kevlar Vest,equipment,01JM6FNP4ZXYX3X0XPW5VJEY2P,0,7707aa820997dbaf
129758,107398,13,76561198052888143,3,Vexite,Dual Berettas,pistol,01JM6FNNTPSRV4N2VT4HT52Y7X,0,7707aa820997dbaf
129787,107418,13,76561197980122997,2,syrsoN,Smoke Grenade,grenade,01JM6FNNJYWS2BY7KCW5PSY9VB,0,7707aa820997dbaf
129920,107517,13,76561198072321716,3,Liazz,Kevlar Vest,equipment,01JM6FNP53RVRE34ARHETT7PRF,0,7707aa820997dbaf
138822,115155,14,76561198172837021,2,rigoN,MAC-10,smg,01JM6FNN0Y36N5CKW8F29WV2RP,0,7707aa820997dbaf
138843,115175,14,76561198172837021,2,rigoN,Kevlar + Helmet,equipment,01JM6FNPFFXWKVDNES7QPP0SZW,0,7707aa820997dbaf
138891,115207,14,76561198172837021,2,rigoN,Molotov,grenade,01JM6FNNSQP33N1MBAP4K49TYT,0,7707aa820997dbaf
138906,115219,14,76561198172837021,2,rigoN,HE Grenade,grenade,01JM6FNNTTZ4MBPB3F5MSRGQVQ,0,7707aa820997dbaf
138923,115230,14,76561198172837021,2,rigoN,Smoke Grenade,grenade,01JM6FNNSQP33N1MBAP3TY639N,0,7707aa820997dbaf
138934,115240,14,76561198172837021,2,rigoN,Flashbang,grenade,01JM6FNNTJ3T43TJQY9A9CBK9D,0,7707aa820997dbaf
139031,115308,14,76561197961491680,2,tabseN,MAC-10,smg,01JM6FNNQQ6R4A5ZVQRKTZWFZF,0,7707aa820997dbaf
139082,115349,14,76561197961491680,2,tabseN,Kevlar + Helmet,equipment,01JM6FNPFKXNWAC18DEK2EM6WP,0,7707aa820997dbaf
139205,115445,14,76561198078771373,2,JDC,Kevlar + Helmet,equipment,01JM6FNPFNHP4ANX8CF82B3EWV,0,7707aa820997dbaf
139502,115683,14,76561198078771373,2,JDC,Galil AR,rifle,01JM6FNNSRSRTAQGWPNSGW64X3,0,7707aa820997dbaf
139513,115693,14,76561198078771373,2,JDC,Smoke Grenade,grenade,01JM6FNNTS3NNNGRBZSNQW7QDA,0,7707aa820997dbaf
139522,115702,14,76561198078771373,2,JDC,Molotov,grenade,01JM6FNNSRSRTAQGWPNQQPFPWC,0,7707aa820997dbaf
139539,115714,14,76561198078771373,2,JDC,Flashbang,grenade,01JM6FNNKNBY4WZ4C9Y3GQTTNM,0,7707aa820997dbaf
139565,115731,14,76561197980122997,2,syrsoN,Kevlar + Helmet,equipment,01JM6FNPFSWXPXWVB08AGXZ839,0,7707aa820997dbaf
139596,115757,14,76561197980122997,2,syrsoN,MAC-10,smg,01JM6FNNMSMSMD47B1YTW267QF,0,7707aa820997dbaf
139620,115777,14,76561198078771373,2,JDC,HE Grenade,grenade,01JM6FNNTMGV9ZF091AC5FSYST,0,7707aa820997dbaf
139645,115796,14,76561197980122997,2,syrsoN,Smoke Grenade,grenade,01JM6FNPFT5RFKHQVZ4EME6PK8,0,7707aa820997dbaf
139710,115854,14,76561197961491680,2,tabseN,Smoke Grenade,grenade,01JM6FNNK7H6D1KCQ40B48Z2W9,0,7707aa820997dbaf
139725,115865,14,76561197961491680,2,tabseN,HE Grenade,grenade,01JM6FNNN03E2Y83174C6ZH375,0,7707aa820997dbaf
139730,115868,14,76561198052888143,3,Vexite,Five-SeveN,pistol,01JM6FNNSRSRTAQGWPNHQFK7HG,0,7707aa820997dbaf
139737,115875,14,76561197961491680,2,tabseN,Molotov,grenade,01JM6FNNSS8MG81TKXY4ZB5D4N,0,7707aa820997dbaf
139748,115885,14,76561197961491680,2,tabseN,Flashbang,grenade,01JM6FNNSS8MG81TKXY6NQB0ZR,0,7707aa820997dbaf
139750,115887,14,76561198052888143,3,Vexite,Kevlar + Helmet,equipment,01JM6FNPFW3PKT7BV9Q1BDF6F6,0,7707aa820997dbaf
139772,115900,14,76561198072321716,3,Liazz,Desert Eagle,pistol,01JM6FNPFW3PKT7BV9Q3250NB4,0,7707aa820997dbaf
139789,115913,14,76561198072321716,3,Liazz,Kevlar + Helmet,equipment,01JM6FNPFW3PKT7BV9Q6Q07WA1,0,7707aa820997dbaf
139840,115940,14,76561198072321716,3,Liazz,HE Grenade,grenade,01JM6FNNT9Q82GGSQ7607DQKHV,0,7707aa820997dbaf
139863,115952,14,76561198098346710,3,aliStair,Five-SeveN,pistol,01JM6FNNSS8MG81TKXY245MATP,0,7707aa820997dbaf
139915,115979,14,76561197987212623,3,INS,SSG 08,sniper,01JM6FNN13GETEVN3S17M6RVEZ,0,7707aa820997dbaf
139942,115991,14,76561198170631091,2,Krimbo,AK-47,rifle,01JM6FNNKAS0PGTFTCBNKR8YQ4,0,7707aa820997dbaf
139957,115999,14,76561198098346710,3,aliStair,Kevlar Vest,equipment,01JM6FNPFZWVNK7GQSR8E3V7D2,0,7707aa820997dbaf
139974,116012,14,76561198170631091,2,Krimbo,Kevlar + Helmet,equipment,01JM6FNPG0HQ2NSCYDGBA3SGG3,0,7707aa820997dbaf
139996,116020,14,76561198061801241,3,dexter,MP9,smg,01JM6FNJDH0ZDSBKWP2THPBJJA,0,7707aa820997dbaf
140039,116045,14,76561198061801241,3,dexter,Kevlar Vest,equipment,01JM6FNPG1WZ9ACG6HYVW0GJB7,0,7707aa820997dbaf
140039,116045,14,76561198052888143,3,Vexite,Smoke Grenade,grenade,01JM6FNNTTZ4MBPB3F5Q16S3HM,0,7707aa820997dbaf
140052,116054,14,76561198052888143,3,Vexite,HE Grenade,grenade,01JM6FNPG1WZ9ACG6HYWK4SX5N,0,7707aa820997dbaf
140063,116065,14,76561198052888143,3,Vexite,Flashbang,grenade,01JM6FNNCV8KN5TPR5TW3SQ383,0,7707aa820997dbaf
140144,116120,14,76561197987212623,3,INS,Smoke Grenade,grenade,01JM6FNPG2YCTWZP15CAFK3Y1F,0,7707aa820997dbaf
140166,116137,14,76561198061801241,3,dexter,Smoke Grenade,grenade,01JM6FNKVCA8Q9YW9T1QETHFFP,0,7707aa820997dbaf
140178,116144,14,76561198098346710,3,aliStair,Smoke Grenade,grenade,01JM6FNNG7PZ1HNA895VC2J4Y7,0,7707aa820997dbaf
140220,116171,14,76561198170631091,2,Krimbo,Smoke Grenade,grenade,01JM6FNNBZTMW6NBNAS7K2AVGF,0,7707aa820997dbaf
140249,116188,14,76561198170631091,2,Krimbo,Flashbang,grenade,01JM6FNNKQZXJVK08F20NH5SSZ,0,7707aa820997dbaf
149448,123833,15,76561198098346710,3,aliStair,Kevlar + Helmet,equipment,01JM6FNPW8ZZ7AMV1KS416QAAS,0,7707aa820997dbaf
149509,123878,15,76561198098346710,3,aliStair,Incendiary Grenade,grenade,01JM6FNPW8ZZ7AMV1KS41QF4B2,0,7707aa820997dbaf
149523,123887,15,76561198052888143,3,Vexite,Kevlar + Helmet,equipment,01JM6FNPW8ZZ7AMV1KS7BG4KPQ,0,7707aa820997dbaf
149539,123900,15,76561198052888143,3,Vexite,Flashbang,grenade,01JM6FNPW8ZZ7AMV1KSA6JTT1H,0,7707aa820997dbaf
149542,123901,15,76561198052888143,3,Vexite,Incendiary Grenade,grenade,01JM6FNNW0YDWWWYD86MJ55HY9,0,7707aa820997dbaf
149543,123902,15,76561198098346710,3,aliStair,HE Grenade,grenade,01JM6FNPFT5RFKHQVZ4BNKJCAH,0,7707aa820997dbaf
149543,123902,15,76561198052888143,3,Vexite,Smoke Grenade,grenade,01JM6FNP4FNZJT588DNR42BN6W,0,7707aa820997dbaf
149545,123904,15,76561198052888143,3,Vexite,HE Grenade,grenade,01JM6FNNTNEPJCKANXNNHKE919,0,7707aa820997dbaf
149567,123920,15,76561198052888143,3,Vexite,Defuse Kit,equipment,01JM6FNPW908MXDS8RDW9RCAQ4,0,7707aa820997dbaf
149582,123934,15,76561198098346710,3,aliStair,Flashbang,grenade,01JM6FNNWA0QZ8QSM0XYDVC0P8,0,7707aa820997dbaf
149737,124056,15,76561197987212623,3,INS,M4A1,rifle,01JM6FNNJYWS2BY7KCW3QPFNFH,0,7707aa820997dbaf
149793,124097,15,76561198072321716,3,Liazz,Smoke Grenade,grenade,01JM6FNKBE1V4NKCJQ3FW15WBH,0,7707aa820997dbaf
149886,124161,15,76561198170631091,2,Krimbo,Desert Eagle,pistol,01JM6FNNVZCDCVWJ1D1KBCE321,0,7707aa820997dbaf
149955,124212,15,76561198061801241,3,dexter,M4A4,rifle,01JM6FNPWEMGD6VYJ1BAVGHT01,0,7707aa820997dbaf
149967,124224,15,76561198072321716,3,Liazz,Incendiary Grenade,grenade,01JM6FNNWHPBWQHYBSVVJXBD57,0,7707aa820997dbaf
149987,124239,15,76561197987212623,3,INS,HE Grenade,grenade,01JM6FNP4D0SW0FQFW6NHYWBKP,0,7707aa820997dbaf
150008,124254,15,76561197987212623,3,INS,Smoke Grenade,grenade,01JM6FNPG1WZ9ACG6HYZ5678K4,0,7707aa820997dbaf
150021,124263,15,76561197987212623,3,INS,Flashbang,grenade,01JM6FNP4D0SW0FQFW6P4DE7P0,0,7707aa820997dbaf
150054,124286,15,76561197987212623,3,INS,Kevlar + Helmet,equipment,01JM6FNPWGKPVTMKQFVRR68NZK,0,7707aa820997dbaf
150073,124301,15,76561198061801241,3,dexter,Kevlar + Helmet,equipment,01JM6FNPWGKPVTMKQFVVC7F3QF,0,7707aa820997dbaf
150073,124301,15,76561197987212623,3,INS,Defuse Kit,equipment,01JM6FNPWGKPVTMKQFVX4H4VNE,0,7707aa820997dbaf
150436,124547,15,76561198061801241,3,dexter,Flashbang,grenade,01JM6FNP4FNZJT588DNWXGEBWF,0,7707aa820997dbaf
150453,124556,15,76561198061801241,3,dexter,Smoke Grenade,grenade,01JM6FNNSVAR4KYEDTZR8MMVV8,0,7707aa820997dbaf
150479,124575,15,76561198061801241,3,dexter,Incendiary Grenade,grenade,01JM6FNMHMQSY14GECPKXWENJ0,0,7707aa820997dbaf
150500,124589,15,76561198061801241,3,dexter,HE Grenade,grenade,01JM6FNNKMM6K0YKHRKTSSGYPE,0,7707aa820997dbaf
155290,128603,16,76561197980122997,2,syrsoN,AK-47,rifle,01JM6FNK73S8BGX2CZKVG2M4Q4,0,7707aa820997dbaf
155290,128603,16,76561197980122997,2,syrsoN,Kevlar + Helmet,equipment,01JM6FNQ3HCPKB6AK56VP02PKZ,0,7707aa820997dbaf
155325,128630,16,76561197987212623,3,INS,HE Grenade,grenade,01JM6FNKS4VC7XJK14SSGCJQ61,0,7707aa820997dbaf
155326,128631,16,76561198078771373,2,JDC,Kevlar + Helmet,equipment,01JM6FNQ3HCPKB6AK56YGQKR8T,0,7707aa820997dbaf
155329,128632,16,76561198172837021,2,rigoN,Galil AR,rifle,01JM6FNNKJF8H0V5X7NWQJ5R73,1,7707aa820997dbaf
155341,128642,16,76561197987212623,3,INS,Incendiary Grenade,grenade,01JM6FNPFBF45615WWBABA2AN4,0,7707aa820997dbaf
155355,128651,16,76561198078771373,2,JDC,Galil AR,rifle,01JM6FNNBZTMW6NBNASGKERE8Q,0,7707aa820997dbaf
155356,128652,16,76561198172837021,2,rigoN,Kevlar + Helmet,equipment,01JM6FNQ3J0AZ0GXQ96W6YR386,0,7707aa820997dbaf
155361,128655,16,76561197980122997,2,syrsoN,Smoke Grenade,grenade,01JM6FNN4046P8QETQ45Z54B2P,0,7707aa820997dbaf
155371,128660,16,76561198078771373,2,JDC,Smoke Grenade,grenade,01JM6FNPFBF45615WWBMV49E9K,0,7707aa820997dbaf
155371,128660,16,76561197980122997,2,syrsoN,Flashbang,grenade,01JM6FNPFCCFCPV45RDDJNV72J,0,7707aa820997dbaf
155388,128672,16,76561198078771373,2,JDC,Flashbang,grenade,01JM6FNPFCCFCPV45RDEWMDT10,0,7707aa820997dbaf
155410,128686,16,76561198172837021,2,rigoN,Smoke Grenade,grenade,01JM6FNMH47V2MDPJD0Q79J5ZN,1,7707aa820997dbaf
155421,128695,16,76561198172837021,2,rigoN,Flashbang,grenade,01JM6FNQ3KJCF2F76F30NK23DT,1,7707aa820997dbaf
155432,128703,16,76561197961491680,2,tabseN,Kevlar + Helmet,equipment,01JM6FNQ3MGVJT0B7P0FZX3YNY,0,7707aa820997dbaf
155472,128722,16,76561198072321716,3,Liazz,Smoke Grenade,grenade,01JM6FNP4SEKZ1D3TVMAJXV6AW,0,7707aa820997dbaf
155475,128725,16,76561198072321716,3,Liazz,HE Grenade,grenade,01JM6FNPFBF45615WWBQ0278EG,0,7707aa820997dbaf
155477,128727,16,76561198072321716,3,Liazz,Flashbang,grenade,01JM6FNPFBF45615WWB3XXD47E,0,7707aa820997dbaf
155488,128734,16,76561198098346710,3,aliStair,Incendiary Grenade,grenade,01JM6FNPG0HQ2NSCYDGCKXDFJF,0,7707aa820997dbaf
155497,128739,16,76561198061801241,3,dexter,Incendiary Grenade,grenade,01JM6FNNK6ZVF0JHM8D570P12K,0,7707aa820997dbaf
155514,128750,16,76561198098346710,3,aliStair,HE Grenade,grenade,01JM6FNM6GAE15TFB2CDGYKGKP,0,7707aa820997dbaf
155520,128752,16,76561197961491680,2,tabseN,Flashbang,grenade,01JM6FNPFANMY6A30Q71JMVHCN,0,7707aa820997dbaf
155525,128757,16,76561198061801241,3,dexter,Flashbang,grenade,01JM6FNPFBF45615WWBGD1EPQ6,0,7707aa820997dbaf
155534,128762,16,76561198098346710,3,aliStair,Smoke Grenade,grenade,01JM6FNQ3P2XNFK45EDPXJPB7S,0,7707aa820997dbaf
155552,128775,16,76561198098346710,3,aliStair,Flashbang,grenade,01JM6FNQ3P2XNFK45EDQA345J4,0,7707aa820997dbaf
155560,128780,16,76561198072321716,3,Liazz,Incendiary Grenade,grenade,01JM6FNNTPSRV4N2VT4HT52Y7X,0,7707aa820997dbaf
155673,128859,16,76561197961491680,2,tabseN,AK-47,rifle,01JM6FNMD3Z0NZKMC18JKST5Y3,0,7707aa820997dbaf
155778,128939,16,76561198172837021,2,rigoN,HE Grenade,grenade,01JM6FNNDQPZSXH6HKP45541ZG,0,7707aa820997dbaf
155923,129034,16,76561198052888143,3,Vexite,Smoke Grenade,grenade,01JM6FNNT4Z007EJY72ZRM1WZP,0,7707aa820997dbaf
155935,129046,16,76561198052888143,3,Vexite,HE Grenade,grenade,01JM6FNNJZRFG21QJZ28T7C98M,0,7707aa820997dbaf
155942,129051,16,76561198172837021,2,rigoN,Flashbang,grenade,01JM6FNQ3WFK6H8F5V21RTWRE4,0,7707aa820997dbaf
155949,129057,16,76561198052888143,3,Vexite,Incendiary Grenade,grenade,01JM6FNPFBF45615WWBSR14S8C,0,7707aa820997dbaf
156240,129289,16,76561197961491680,2,tabseN,Galil AR,rifle,01JM6FNPFBF45615WWBH1BFA6W,0,7707aa820997dbaf
156266,129314,16,76561198170631091,2,Krimbo,Kevlar Vest,equipment,01JM6FNQ429N6T4XPA7EWPDKX2,0,7707aa820997dbaf
156309,129342,16,76561198170631091,2,Krimbo,Smoke Grenade,grenade,01JM6FNPFCCFCPV45RDE0MQYCZ,0,7707aa820997dbaf
156330,129352,16,76561198170631091,2,Krimbo,Flashbang,grenade,01JM6FNMH47V2MDPJD13XK7KJQ,0,7707aa820997dbaf
156620,129554,16,76561198172837021,2,rigoN,MAC-10,smg,01JM6FNQ47119ZMHNWH4NHXTCQ,0,7707aa820997dbaf
156671,129592,16,76561198172837021,2,rigoN,Molotov,grenade,01JM6FNPFV6P8ACN2536CH45M5,0,7707aa820997dbaf
156689,129603,16,76561198172837021,2,rigoN,Smoke Grenade,grenade,01JM6FNPFR6FTFEGKCBES4VMAF,0,7707aa820997dbaf
156765,129650,16,76561198072321716,3,Liazz,Defuse Kit,equipment,01JM6FNQ49H1RKYEQW5WS26CDS,0,7707aa820997dbaf
165190,136852,17,76561198052888143,3,Vexite,HE Grenade,grenade,01JM6FNQ3J0AZ0GXQ96XDQFQAF,0,7707aa820997dbaf
165238,136878,17,76561197980122997,2,syrsoN,Molotov,grenade,01JM6FNNJYWS2BY7KCWFY7ZK0T,0,7707aa820997dbaf
165260,136888,17,76561197980122997,2,syrsoN,Smoke Grenade,grenade,01JM6FNPVYSMHZ5946R6ESZ8DF,0,7707aa820997dbaf
165270,136894,17,76561197980122997,2,syrsoN,Flashbang,grenade,01JM6FNNWRB4CRB6EXKERRP456,0,7707aa820997dbaf
165283,136903,17,76561198098346710,3,aliStair,Incendiary Grenade,grenade,01JM6FNPVZKJ5YN6G850P7X5RX,0,7707aa820997dbaf
165298,136915,17,76561197987212623,3,INS,M4A1,rifle,01JM6FNPVZKJ5YN6G84WQCWN13,0,7707aa820997dbaf
165299,136916,17,76561198098346710,3,aliStair,HE Grenade,grenade,01JM6FNPVYSMHZ5946R0SVJS5R,0,7707aa820997dbaf
165312,136926,17,76561197987212623,3,INS,Smoke Grenade,grenade,01JM6FNPVYSMHZ5946R1V75JTX,0,7707aa820997dbaf
165320,136934,17,76561198098346710,3,aliStair,Flashbang,grenade,01JM6FNNJYWS2BY7KCWKVHC9VA,0,7707aa820997dbaf
165328,136939,17,76561197987212623,3,INS,HE Grenade,grenade,01JM6FNPVYSMHZ5946QX4AARFK,0,7707aa820997dbaf
165340,136948,17,76561197987212623,3,INS,Incendiary Grenade,grenade,01JM6FNPVYSMHZ5946QSWYYF4W,0,7707aa820997dbaf
165356,136958,17,76561197961491680,2,tabseN,Tec-9,pistol,01JM6FNPVZKJ5YN6G8529SXTG1,0,7707aa820997dbaf
165375,136969,17,76561197961491680,2,tabseN,Kevlar + Helmet,equipment,01JM6FNQDM6ZBM1ED68YDT4W3J,0,7707aa820997dbaf
165379,136971,17,76561198172837021,2,rigoN,Tec-9,pistol,01JM6FNPVZKJ5YN6G853PKR2CY,1,7707aa820997dbaf
165384,136974,17,76561197987212623,3,INS,Flashbang,grenade,01JM6FNQDN1EC02HMV2MQX7CM6,0,7707aa820997dbaf
165407,136988,17,76561198172837021,2,rigoN,Kevlar Vest,equipment,01JM6FNQDN1EC02HMV2QM9WBBM,0,7707aa820997dbaf
165419,136999,17,76561197987212623,3,INS,Kevlar + Helmet,equipment,01JM6FNQDN1EC02HMV2QX0S1E8,0,7707aa820997dbaf
165426,137004,17,76561198078771373,2,JDC,Kevlar + Helmet,equipment,01JM6FNQDN1EC02HMV2RNNQRZG,0,7707aa820997dbaf
165436,137011,17,76561197961491680,2,tabseN,Smoke Grenade,grenade,01JM6FNQ2QNFG8257H1WW1WE2Y,0,7707aa820997dbaf
165440,137015,17,76561197987212623,3,INS,Defuse Kit,equipment,01JM6FNQDPMR6WBN24J65HYAX6,0,7707aa820997dbaf
165446,137020,17,76561197961491680,2,tabseN,HE Grenade,grenade,01JM6FNQ3NAS2HSHEB1DYPDZZY,1,7707aa820997dbaf
165456,137027,17,76561198172837021,2,rigoN,Molotov,grenade,01JM6FNQDPMR6WBN24J7Q66NCK,0,7707aa820997dbaf
165460,137031,17,76561197961491680,2,tabseN,Molotov,grenade,01JM6FNQDPMR6WBN24JBP73TVC,0,7707aa820997dbaf
165476,137041,17,76561198172837021,2,rigoN,Smoke Grenade,grenade,01JM6FNPWPJCHZ7YDJ06HN5MWG,0,7707aa820997dbaf
165476,137041,17,76561197961491680,2,tabseN,Flashbang,grenade,01JM6FNP4RB9S98QMG0167DAEN,0,7707aa820997dbaf
165499,137055,17,76561198078771373,2,JDC,Smoke Grenade,grenade,01JM6FNP4SEKZ1D3TVME0ECRG5,0,7707aa820997dbaf
165503,137057,17,76561198172837021,2,rigoN,HE Grenade,grenade,01JM6FNNJYWS2BY7KCW2MXADBS,0,7707aa820997dbaf
165578,137107,17,76561198172837021,2,rigoN,Flashbang,grenade,01JM6FNNJ0RK2HGYRSFK2RC46C,1,7707aa820997dbaf
165688,137180,17,76561198098346710,3,aliStair,AWP,sniper,01JM6FNNJ1DRSQ9WB7WQVP2AA0,0,7707aa820997dbaf
165737,137219,17,76561198072321716,3,Liazz,Smoke Grenade,grenade,01JM6FNNBZTMW6NBNAS0GM9PNX,0,7707aa820997dbaf
165740,137222,17,76561198072321716,3,Liazz,Flashbang,grenade,01JM6FNNJYWS2BY7KCWDGWCPVV,0,7707aa820997dbaf
165776,137247,17,76561197980122997,2,syrsoN,Tec-9,pistol,01JM6FNMH47V2MDPJD16W0WX2E,1,7707aa820997dbaf
165795,137264,17,76561197980122997,2,syrsoN,Kevlar + Helmet,equipment,01JM6FNQDWWH6W1P2BBKC6J875,0,7707aa820997dbaf
165807,137273,17,76561198072321716,3,Liazz,Incendiary Grenade,grenade,01JM6FNP4VVMT88NGZ0E7K283F,0,7707aa820997dbaf
165979,137415,17,76561198170631091,2,Krimbo,Tec-9,pistol,01JM6FNQDRM58876SJM81BKGMQ,0,7707aa820997dbaf
165986,137418,17,76561197980122997,2,syrsoN,P250,pistol,01JM6FNQE02EQ2R5HWETFA0XD6,0,7707aa820997dbaf
165997,137428,17,76561198170631091,2,Krimbo,Kevlar + Helmet,equipment,01JM6FNQE02EQ2R5HWEX5M3D7G,0,7707aa820997dbaf
166005,137432,17,76561198061801241,3,dexter,Kevlar + Helmet,equipment,01JM6FNQE02EQ2R5HWEY55VMWD,0,7707aa820997dbaf
166013,137438,17,76561198172837021,2,rigoN,Kevlar Vest,equipment,01JM6FNQE02EQ2R5HWF21HMBR9,0,7707aa820997dbaf
166022,137444,17,76561198061801241,3,dexter,Defuse Kit,equipment,01JM6FNQE02EQ2R5HWF4WDB2W7,0,7707aa820997dbaf
166097,137493,17,76561198061801241,3,dexter,Flashbang,grenade,01JM6FNQ3WFK6H8F5V24XFHB8M,0,7707aa820997dbaf
166118,137504,17,76561198061801241,3,dexter,Smoke Grenade,grenade,01JM6FNPFBF45615WWBCTN5NND,0,7707aa820997dbaf
166137,137518,17,76561198172837021,2,rigoN,P250,pistol,01JM6FNPQN3229T120YAK33VGA,0,7707aa820997dbaf
166143,137520,17,76561198078771373,2,JDC,Tec-9,pistol,01JM6FNPWGKPVTMKQFVP571BPB,0,7707aa820997dbaf
166154,137529,17,76561198061801241,3,dexter,Incendiary Grenade,grenade,01JM6FNQE2WMVC1AA3PWRYXE2G,0,7707aa820997dbaf
166163,137537,17,76561198172837021,2,rigoN,Kevlar + Helmet,equipment,01JM6FNQE39YVZDYTH4RJ1V491,0,7707aa820997dbaf
166168,137542,17,76561198078771373,2,JDC,Molotov,grenade,01JM6FNPVYSMHZ5946R6SMNK4S,0,7707aa820997dbaf
166171,137545,17,76561198061801241,3,dexter,HE Grenade,grenade,01JM6FNQ3KJCF2F76F34N2MY3Y,0,7707aa820997dbaf
166320,137641,17,76561198170631091,2,Krimbo,Molotov,grenade,01JM6FNNMSMSMD47B1YTW267QF,0,7707aa820997dbaf
166355,137661,17,76561198170631091,2,Krimbo,Smoke Grenade,grenade,01JM6FNQ3J0AZ0GXQ96V9XVST2,0,7707aa820997dbaf
166377,137675,17,76561198170631091,2,Krimbo,Flashbang,grenade,01JM6FNNJZRFG21QJZ1Y2CPGNH,0,7707aa820997dbaf
166418,137697,17,76561198078771373,2,JDC,Flashbang,grenade,01JM6FNQE7TYHCMD54A3MR0Q5Z,0,7707aa820997dbaf
173772,143589,18,76561198052888143,3,Vexite,M4A1,rifle,01JM6FNQ3NAS2HSHEB1A6SSFGZ,0,7707aa820997dbaf
173814,143616,18,76561198172837021,2,rigoN,Molotov,grenade,01JM6FNQ11XZF2MKMD033Y7J9W,0,7707aa820997dbaf
173829,143626,18,76561198172837021,2,rigoN,HE Grenade,grenade,01JM6FNMM7076162YXJ664ZQ6A,0,7707aa820997dbaf
173840,143631,18,76561197980122997,2,syrsoN,AK-47,rifle,01JM6FNN0Z46T02RQDBH8ZASQ9,0,7707aa820997dbaf
173850,143637,18,76561198172837021,2,rigoN,Smoke Grenade,grenade,01JM6FNQ3FJSA2HZCF03ZQET38,0,7707aa820997dbaf
173875,143647,18,76561198172837021,2,rigoN,Flashbang,grenade,01JM6FNQ3MGVJT0B7P0GYFPC0P,0,7707aa820997dbaf
173932,143685,18,76561197980122997,2,syrsoN,Smoke Grenade,grenade,01JM6FNP4G1A6FGX17DXV82T86,0,7707aa820997dbaf
173941,143690,18,76561197980122997,2,syrsoN,Flashbang,grenade,01JM6FNQPHXRJCCEFNQ6NZMZ6C,0,7707aa820997dbaf
173947,143694,18,76561198078771373,2,JDC,Kevlar + Helmet,equipment,01JM6FNQPHXRJCCEFNQ9J8NQ0M,0,7707aa820997dbaf
173978,143718,18,76561198078771373,2,JDC,Smoke Grenade,grenade,01JM6FNQ3GKAFC38RD9B7F54X3,0,7707aa820997dbaf
173983,143722,18,76561197987212623,3,INS,HE Grenade,grenade,01JM6FNQ3FJSA2HZCF00QGTVF6,0,7707aa820997dbaf
173988,143727,18,76561198078771373,2,JDC,HE Grenade,grenade,01JM6FNPVX5V33NVRDBTYF62PW,0,7707aa820997dbaf
173995,143733,18,76561197987212623,3,INS,Incendiary Grenade,grenade,01JM6FNQPJ8TG89VNF98D1YGHC,0,7707aa820997dbaf
173997,143735,18,76561198078771373,2,JDC,Molotov,grenade,01JM6FNP4G1A6FGX17DZZZK836,0,7707aa820997dbaf
174010,143747,18,76561197987212623,3,INS,Smoke Grenade,grenade,01JM6FNN113J6J3SG4PEJ0HF8J,0,7707aa820997dbaf
174011,143748,18,76561198078771373,2,JDC,Flashbang,grenade,01JM6FNPVX5V33NVRDBXE6AAZJ,0,7707aa820997dbaf
174013,143750,18,76561198172837021,2,rigoN,Kevlar Vest,equipment,01JM6FNQPK76EF5CR61A91J3XJ,0,7707aa820997dbaf
174023,143759,18,76561197987212623,3,INS,Flashbang,grenade,01JM6FNMH47V2MDPJD1EGNSR7Z,0,7707aa820997dbaf
174029,143760,18,76561197961491680,2,tabseN,Molotov,grenade,01JM6FNPVN741YFDNQDQH6H2Q8,0,7707aa820997dbaf
174041,143772,18,76561197961491680,2,tabseN,Flashbang,grenade,01JM6FNKRXCFNV62D7M60NZB53,0,7707aa820997dbaf
174051,143781,18,76561197987212623,3,INS,Kevlar Vest,equipment,01JM6FNQPK76EF5CR61AXHRE3X,0,7707aa820997dbaf
174099,143821,18,76561198052888143,3,Vexite,M4A1,rifle,01JM6FNQPMPGRAFN1HHFJJAEC7,0,7707aa820997dbaf
174157,143865,18,76561198052888143,3,Vexite,Kevlar Vest,equipment,01JM6FNQPNHYVA7MNN7BNPMBMM,0,7707aa820997dbaf
174179,143881,18,76561198052888143,3,Vexite,Defuse Kit,equipment,01JM6FNQPNHYVA7MNN7D9S6C2X,0,7707aa820997dbaf
174259,143951,18,76561198052888143,3,Vexite,Flashbang,grenade,01JM6FNNBZTMW6NBNAS2D00H57,0,7707aa820997dbaf
174259,143951,18,76561198052888143,3,Vexite,Incendiary Grenade,grenade,01JM6FNNJYWS2BY7KCWD4CR68Z,0,7707aa820997dbaf
174260,143952,18,76561198052888143,3,Vexite,Smoke Grenade,grenade,01JM6FNPW908MXDS8RDV73WR0C,0,7707aa820997dbaf
174261,143953,18,76561198052888143,3,Vexite,HE Grenade,grenade,01JM6FNPNXFHS4FPWA581RTKM7,0,7707aa820997dbaf
174521,144149,18,76561198061801241,3,dexter,M4A1,rifle,01JM6FNPVYSMHZ5946QPZ6DDX6,0,7707aa820997dbaf
174564,144184,18,76561198170631091,2,Krimbo,AK-47,rifle,01JM6FNNKNBY4WZ4C9Y0X5VTM1,0,7707aa820997dbaf
174606,144219,18,76561198072321716,3,Liazz,Smoke Grenade,grenade,01JM6FNQPVNCG7Q3EFAQHXJYC5,0,7707aa820997dbaf
174627,144232,18,76561198170631091,2,Krimbo,Molotov,grenade,01JM6FNPPJF3KM06RTN7EQ8D0S,0,7707aa820997dbaf
174645,144242,18,76561198061801241,3,dexter,Kevlar + Helmet,equipment,01JM6FNQPWMARJAG705MT4CK24,0,7707aa820997dbaf
174646,144243,18,76561198170631091,2,Krimbo,Smoke Grenade,grenade,01JM6FNNSXMQPHEQ58D6ADY5CT,0,7707aa820997dbaf
174666,144254,18,76561198170631091,2,Krimbo,Flashbang,grenade,01JM6FNPH6CSY4CSDE189ND7Y2,0,7707aa820997dbaf
174671,144258,18,76561198061801241,3,dexter,Defuse Kit,equipment,01JM6FNQPWMARJAG705R14EHCE,0,7707aa820997dbaf
174701,144284,18,76561198078771373,2,JDC,AK-47,rifle,01JM6FNPVN741YFDNQDPNCC2DP,0,7707aa820997dbaf
174735,144306,18,76561198061801241,3,dexter,Flashbang,grenade,01JM6FNQDJJBVXAAE3NFMF3QEN,0,7707aa820997dbaf
174735,144306,18,76561198098346710,3,aliStair,Flashbang,grenade,01JM6FNQPX4X18TAVCHPTMS3NH,0,7707aa820997dbaf
174748,144316,18,76561198061801241,3,dexter,Smoke Grenade,grenade,01JM6FNQHA9MW92BD7H2EPCEVB,0,7707aa820997dbaf
174760,144328,18,76561198061801241,3,dexter,HE Grenade,grenade,01JM6FNJBGSNR3GR77J405JC1V,0,7707aa820997dbaf
174771,144338,18,76561198061801241,3,dexter,Incendiary Grenade,grenade,01JM6FNNKAS0PGTFTCBKXQEP5R,0,7707aa820997dbaf
174783,144348,18,76561198072321716,3,Liazz,HE Grenade,grenade,01JM6FNQ3WFK6H8F5V1YAE0BWF,0,7707aa820997dbaf
174792,144356,18,76561198072321716,3,Liazz,Incendiary Grenade,grenade,01JM6FNNYX0538SECDYZVETSJ8,0,7707aa820997dbaf
174857,144400,18,76561198098346710,3,aliStair,Incendiary Grenade,grenade,01JM6FNP4FNZJT588DNZ7GPV96,0,7707aa820997dbaf
174873,144414,18,76561198098346710,3,aliStair,HE Grenade,grenade,01JM6FNPN7JSJPX4F06GQK7MY9,0,7707aa820997dbaf
