frame,tick,round,killer name,killer steamid,killer side,killer team name,victim name,victim steamid,victim side,victim team name,assister name,assister steamid,assister side,assister team name,weapon name,weapon_type,headshot,penetrated objects,is flash assist,killer controlling bot,victim controlling bot,assister controlling bot,killer x,killer y,killer z,is killer airborne,is killer blinded,victim x,victim y,victim z,is victim airborne,is victim blinded,is victim inspecting weapon,assister x,assister y,assister z,is trade kill,is trade death,is through smoke,is no scope,distance,match checksum
3524,2584,1,degster,76561198799340122,2,Team B,m0NESY,76561198074762801,3,Team A,,0,0,,Glock-18,pistol,1,0,0,0,0,0,1237.183716,-210.494751,113.693253,0,1,964.835022,-240.293884,124.946091,0,1,0,0.000000,0.000000,0.000000,0,1,0,0,6.981179,e537f0fbeee87b04
3587,2639,1,HeavyGoD,76561198068002993,3,Team A,degster,76561198799340122,2,Team B,,0,0,,USP-S,pistol,1,0,0,0,0,0,1029.245605,379.303802,131.113403,0,1,1204.461060,-230.630371,112.461861,0,1,0,0.000000,0.000000,0.000000,1,0,0,0,16.139051,e537f0fbeee87b04
4298,3234,1,Magisk,76561197983956651,2,Team B,HeavyGoD,76561198068002993,3,Team A,TeSeS,76561197996678278,2,Team B,Glock-18,pistol,0,0,0,0,0,0,1039.883667,-263.967773,124.270882,0,0,1252.438110,785.656921,137.343750,1,0,0,802.426758,-59.675415,130.901108,0,0,1,0,27.263262,e537f0fbeee87b04
4832,3696,1,malbsMd,76561198080703143,3,Team A,NiKo,76561198041683378,2,Team B,HeavyGoD,76561198068002993,3,Team A,USP-S,pistol,1,0,0,0,0,0,716.633301,726.545288,123.686707,0,0,615.038147,402.561401,121.058357,0,0,0,1116.088867,758.292725,134.890625,0,0,0,0,8.625370,e537f0fbeee87b04
5292,4100,1,Magisk,76561197983956651,2,Team B,malbsMd,76561198080703143,3,Team A,NiKo,76561198041683378,2,Team B,Glock-18,pistol,1,0,0,0,0,0,1272.941895,-146.781677,130.531250,0,0,723.299011,474.081116,128.433136,0,0,0,615.038147,402.561401,121.058357,0,0,0,0,21.062199,e537f0fbeee87b04
5396,4191,1,kyxsan,76561198057282432,2,Team B,Snax,76561197982141573,3,Team A,,0,0,,Glock-18,pistol,1,0,0,0,0,0,642.628235,-303.301758,138.069229,0,0,720.584045,65.377502,130.901108,0,0,0,0.000000,0.000000,0.000000,0,0,0,0,9.573048,e537f0fbeee87b04
6497,5160,1,Magisk,76561197983956651,2,Team B,huNter-,76561198012872053,3,Team A,kyxsan,76561198057282432,2,Team B,Glock-18,pistol,0,0,0,0,0,0,1204.519531,-716.542114,9.820644,0,0,318.252258,-829.258667,148.392029,0,0,0,636.552246,196.952789,133.670273,0,0,0,0,22.972475,e537f0fbeee87b04
18689,14560,2,HeavyGoD,76561198068002993,3,Team A,kyxsan,76561198057282432,2,Team B,huNter-,76561198012872053,3,Team A,MP9,smg,0,0,1,0,0,0,1195.861206,-643.574890,118.031250,0,1,873.621399,-640.342957,62.548378,0,1,0,659.693726,240.382324,132.936630,0,1,0,0,8.353162,e537f0fbeee87b04
18697,14567,2,TeSeS,76561197996678278,2,Team B,HeavyGoD,76561198068002993,3,Team A,,0,0,,Galil AR,rifle,1,0,0,0,0,0,1015.302917,-1088.566650,1.031249,0,0,1195.803833,-650.616150,118.031250,0,1,0,0.000000,0.000000,0.000000,1,1,0,0,12.443591,e537f0fbeee87b04
18754,14613,2,Snax,76561197982141573,3,Team A,TeSeS,76561197996678278,2,Team B,,0,0,,Five-SeveN,pistol,0,0,0,0,0,0,1247.001587,-570.948608,29.031250,0,0,1057.833130,-1105.801514,1.031249,0,0,0,0.000000,0.000000,0.000000,1,0,0,0,14.412331,e537f0fbeee87b04
20006,15663,2,degster,76561198799340122,2,Team B,huNter-,76561198012872053,3,Team A,,0,0,,Galil AR,rifle,1,0,0,0,0,0,-1567.805176,619.101257,73.031250,0,0,-1098.219971,728.103516,67.890915,0,0,0,0.000000,0.000000,0.000000,0,0,0,0,12.279502,e537f0fbeee87b04
20935,16437,2,Snax,76561197982141573,3,Team A,Magisk,76561197983956651,2,Team B,m0NESY,76561198074762801,3,Team A,Galil AR,rifle,1,0,0,0,0,0,-2136.194580,-186.971130,72.822945,0,0,-1869.032349,890.527893,52.031250,0,0,0,-938.089050,-197.701233,97.031258,0,1,0,0,28.203354,e537f0fbeee87b04
21182,16646,2,degster,76561198799340122,2,Team B,malbsMd,76561198080703143,3,Team A,,0,0,,Galil AR,rifle,0,0,0,0,0,0,-1346.133301,606.839417,73.031250,0,0,-1391.777100,152.676804,136.968750,1,0,0,0.000000,0.000000,0.000000,0,0,1,0,11.608693,e537f0fbeee87b04
21235,16691,2,NiKo,76561198041683378,2,Team B,Snax,76561197982141573,3,Team A,TeSeS,76561197996678278,2,Team B,Galil AR,rifle,1,0,0,0,0,0,-1808.357300,755.870239,52.031250,0,0,-2147.280273,210.164429,75.117157,0,0,0,1058.685059,-1106.094971,1.031249,1,0,0,0,16.323803,e537f0fbeee87b04
22244,17570,2,degster,76561198799340122,2,Team B,m0NESY,76561198074762801,3,Team A,,0,0,,Galil AR,rifle,1,0,0,0,0,0,-1303.181519,886.953674,54.031250,0,0,-1422.331665,31.380274,103.031250,0,0,0,0.000000,0.000000,0.000000,0,0,0,0,21.960814,e537f0fbeee87b04
28523,22354,3,kyxsan,76561198057282432,2,Team B,m0NESY,76561198074762801,3,Team A,,0,0,,Galil AR,rifle,0,2,0,0,0,0,755.146301,-655.427063,81.517403,0,0,629.609253,409.299683,120.514786,0,0,0,0.000000,0.000000,0.000000,0,0,0,0,27.259071,e537f0fbeee87b04
30857,24329,3,degster,76561198799340122,2,Team B,HeavyGoD,76561198068002993,3,Team A,kyxsan,76561198057282432,2,Team B,AK-47,rifle,0,0,0,0,0,0,1161.076660,-122.626953,130.531250,0,0,1158.381958,784.451782,124.262039,0,0,0,1383.944092,-785.755310,2.857612,0,0,0,0,23.040606,e537f0fbeee87b04
31274,24699,3,Snax,76561197982141573,3,Team A,degster,76561198799340122,2,Team B,,0,0,,Desert Eagle,pistol,1,0,0,0,0,0,605.133118,476.080841,121.384567,0,0,1293.034912,-136.535889,130.531250,0,0,0,0.000000,0.000000,0.000000,0,1,0,0,23.395079,e537f0fbeee87b04
31329,24747,3,TeSeS,76561197996678278,2,Team B,Snax,76561197982141573,3,Team A,,0,0,,Galil AR,rifle,1,0,0,0,0,0,729.159058,-10.387878,130.031250,0,0,614.257935,449.652252,121.547859,0,0,0,0.000000,0.000000,0.000000,1,0,0,0,12.210304,e537f0fbeee87b04
31514,24907,3,malbsMd,76561198080703143,3,Team A,NiKo,76561198041683378,2,Team B,,0,0,,Desert Eagle,pistol,1,0,0,0,0,0,660.351013,346.805817,121.434608,0,0,607.266724,141.677704,144.935562,0,0,0,0.000000,0.000000,0.000000,0,1,0,0,5.363460,e537f0fbeee87b04
31542,24931,3,TeSeS,76561197996678278,2,Team B,malbsMd,76561198080703143,3,Team A,degster,76561198799340122,2,Team B,Galil AR,rifle,1,0,0,0,0,0,724.289062,-50.939941,130.031250,0,0,648.032227,338.231415,120.719719,0,0,0,1293.034912,-136.535889,130.531250,1,0,0,0,10.087053,e537f0fbeee87b04
31639,25013,3,TeSeS,76561197996678278,2,Team B,huNter-,76561198012872053,3,Team A,NiKo,76561198041683378,2,Team B,Galil AR,rifle,1,0,0,0,0,0,715.284851,-41.635254,130.031250,0,0,712.070435,602.673218,124.669762,0,0,0,607.266724,141.677704,144.935562,0,0,0,0,16.338964,e537f0fbeee87b04
35725,27940,4,kyxsan,76561198057282432,2,Team B,Snax,76561197982141573,3,Team A,,0,0,,AK-47,rifle,0,0,0,0,0,0,204.008347,-893.336426,153.864838,0,0,183.494751,-396.915649,196.031250,0,0,0,0.000000,0.000000,0.000000,0,0,1,0,12.635838,e537f0fbeee87b04
38329,30108,4,HeavyGoD,76561198068002993,3,Team A,kyxsan,76561198057282432,2,Team B,Snax,76561197982141573,3,Team A,M4A1,rifle,1,0,0,0,0,0,1296.246338,-303.123413,108.122215,0,1,1169.053833,-742.665100,55.843750,1,1,0,183.494751,-396.915649,196.031250,0,0,0,0,11.734794,e537f0fbeee87b04
38836,30548,4,NiKo,76561198041683378,2,Team B,huNter-,76561198012872053,3,Team A,,0,0,,AK-47,rifle,0,0,0,0,0,0,-569.285828,707.162476,131.914276,0,0,93.044846,800.846863,79.462883,0,0,0,0.000000,0.000000,0.000000,0,1,0,0,17.038517,e537f0fbeee87b04
39024,30715,4,malbsMd,76561198080703143,3,Team A,NiKo,76561198041683378,2,Team B,,0,0,,M4A1,rifle,1,0,0,0,0,0,667.884338,761.499817,116.098450,0,0,-545.700500,756.345154,104.943130,0,0,0,0.000000,0.000000,0.000000,1,0,0,0,30.825970,e537f0fbeee87b04
39089,30771,4,m0NESY,76561198074762801,3,Team A,TeSeS,76561197996678278,2,Team B,,0,0,,AWP,sniper,0,0,0,0,0,0,-1405.221558,64.559334,106.031258,0,0,-1019.421204,-161.573608,106.031250,0,0,0,0.000000,0.000000,0.000000,0,0,0,0,11.392181,e537f0fbeee87b04
39925,31458,4,malbsMd,76561198080703143,3,Team A,degster,76561198799340122,2,Team B,,0,0,,M4A1,rifle,1,0,0,0,0,0,-955.215637,1148.735229,72.006180,0,0,-1457.580078,270.919281,138.031250,0,0,0,0.000000,0.000000,0.000000,0,0,1,0,25.731956,e537f0fbeee87b04
40840,32255,4,HeavyGoD,76561198068002993,3,Team A,Magisk,76561197983956651,2,Team B,,0,0,,M4A1,rifle,0,0,0,0,0,0,156.852142,-397.588684,186.551956,0,0,190.315979,-792.323730,153.031250,0,0,0,0.000000,0.000000,0.000000,0,0,0,0,10.089796,e537f0fbeee87b04
46776,36593,5,HeavyGoD,76561198068002993,3,Team A,TeSeS,76561197996678278,2,Team B,,0,0,,M4A1,rifle,1,0,0,0,0,0,924.922913,-219.431335,127.137566,0,0,1238.310425,-231.328125,111.391693,0,1,0,0.000000,0.000000,0.000000,0,0,0,0,7.981088,e537f0fbeee87b04
46844,36646,5,NiKo,76561198041683378,2,Team B,Magisk,76561197983956651,2,Team B,HeavyGoD,76561198068002993,3,Team A,Desert Eagle,pistol,1,0,0,0,0,0,1299.892090,-274.216980,112.252533,0,0,1242.287720,-264.825928,109.263290,0,0,0,923.219177,-235.281433,127.951889,0,1,0,0,1.585142,e537f0fbeee87b04
46851,36651,5,HeavyGoD,76561198068002993,3,Team A,NiKo,76561198041683378,2,Team B,,0,0,,M4A1,rifle,0,0,0,0,0,0,923.238098,-234.566162,127.920273,0,0,1299.893555,-274.221313,112.252121,0,0,0,0.000000,0.000000,0.000000,1,0,0,0,9.652132,e537f0fbeee87b04
50784,40081,5,kyxsan,76561198057282432,2,Team B,HeavyGoD,76561198068002993,3,Team A,NiKo,76561198041683378,2,Team B,Tec-9,pistol,1,0,0,0,0,0,1191.881958,-250.502686,111.976532,0,0,836.160950,-136.872253,130.531250,0,0,0,1299.893555,-274.221313,112.252121,0,1,0,0,9.514503,e537f0fbeee87b04
50818,40106,5,huNter-,76561198012872053,3,Team A,kyxsan,76561198057282432,2,Team B,,0,0,,AK-47,rifle,0,0,0,0,0,0,813.230164,270.586792,130.531250,0,0,1205.531982,-207.090637,114.829391,0,0,0,0.000000,0.000000,0.000000,1,1,0,0,15.702294,e537f0fbeee87b04
50839,40124,5,degster,76561198799340122,2,Team B,huNter-,76561198012872053,3,Team A,,0,0,,Galil AR,rifle,1,0,0,0,0,0,1343.827759,-457.380249,51.729752,0,0,809.873474,267.754456,130.531250,0,0,0,0.000000,0.000000,0.000000,1,0,0,0,22.931473,e537f0fbeee87b04
51225,40452,5,m0NESY,76561198074762801,3,Team A,degster,76561198799340122,2,Team B,Snax,76561197982141573,3,Team A,AWP,sniper,0,0,0,0,0,0,501.799408,934.042542,111.066780,0,0,979.756897,-51.366150,130.901108,0,0,0,510.711151,49.117859,154.466354,0,0,0,0,27.841919,e537f0fbeee87b04
58270,46083,6,HeavyGoD,76561198068002993,3,Team A,TeSeS,76561197996678278,2,Team B,,0,0,,MP9,smg,1,0,0,0,0,0,1383.745605,-618.049316,34.016838,0,0,341.715485,-787.797668,186.031250,0,0,0,0.000000,0.000000,0.000000,0,0,0,0,27.033493,e537f0fbeee87b04
58580,46357,6,Snax,76561197982141573,3,Team A,Magisk,76561197983956651,2,Team B,,0,0,,M4A4,rifle,1,0,0,0,0,0,161.316345,-807.977112,153.031250,0,0,-812.222778,-678.088013,40.504204,0,0,0,0.000000,0.000000,0.000000,0,0,0,0,25.091774,e537f0fbeee87b04
58598,46375,6,Snax,76561197982141573,3,Team A,degster,76561198799340122,2,Team B,,0,0,,M4A4,rifle,1,0,0,0,0,0,159.916260,-806.364258,153.031250,0,0,-784.500183,-682.413330,38.982189,0,0,0,0.000000,0.000000,0.000000,0,0,0,0,24.406235,e537f0fbeee87b04
58760,46516,6,Snax,76561197982141573,3,Team A,NiKo,76561198041683378,2,Team B,,0,0,,M4A4,rifle,1,0,0,0,0,0,77.340576,-858.676270,153.031250,0,0,-727.048035,-622.472412,36.078201,0,0,0,0.000000,0.000000,0.000000,0,0,0,0,21.597010,e537f0fbeee87b04
58819,46571,6,m0NESY,76561198074762801,3,Team A,kyxsan,76561198057282432,2,Team B,,0,0,,AWP,sniper,0,0,0,0,0,0,-1787.862305,1186.520874,54.524078,0,0,-2038.680054,234.937668,87.503769,0,0,0,0.000000,0.000000,0.000000,0,0,0,0,25.078815,e537f0fbeee87b04
64603,50927,7,TeSeS,76561197996678278,2,Team B,m0NESY,76561198074762801,3,Team A,,0,0,,AK-47,rifle,1,0,0,0,0,0,277.886688,-903.967468,154.677872,0,0,111.324150,-436.377502,177.483047,0,0,0,0.000000,0.000000,0.000000,0,0,0,0,12.615830,e537f0fbeee87b04
66554,52559,7,HeavyGoD,76561198068002993,3,Team A,TeSeS,76561197996678278,2,Team B,,0,0,,MP9,smg,0,0,0,0,0,0,1176.031494,-358.945862,85.903175,0,0,1383.716431,-406.948730,62.951340,0,0,0,0.000000,0.000000,0.000000,0,1,0,0,5.434290,e537f0fbeee87b04
66600,52595,7,degster,76561198799340122,2,Team B,HeavyGoD,76561198068002993,3,Team A,TeSeS,76561197996678278,2,Team B,AK-47,rifle,1,0,0,0,0,0,1217.837524,-809.783081,2.793271,0,0,1176.039917,-370.897034,79.743935,0,0,0,1383.668213,-407.139648,62.912231,1,1,0,0,11.263613,e537f0fbeee87b04
66617,52609,7,Snax,76561197982141573,3,Team A,degster,76561198799340122,2,Team B,,0,0,,M4A4,rifle,1,0,0,0,0,0,1214.442139,-248.256775,111.073456,0,0,1217.837524,-809.783081,2.793271,0,0,0,0.000000,0.000000,0.000000,1,0,0,0,14.570692,e537f0fbeee87b04
69114,54763,7,NiKo,76561198041683378,2,Team B,huNter-,76561198012872053,3,Team A,kyxsan,76561198057282432,2,Team B,AK-47,rifle,1,0,1,0,0,0,610.477051,149.464935,142.600784,0,0,818.129333,921.144897,104.311646,0,1,0,1261.703125,-355.829590,83.179390,0,0,0,0,20.257103,e537f0fbeee87b04
69294,54920,7,Magisk,76561197983956651,2,Team B,malbsMd,76561198080703143,3,Team A,,0,0,,AK-47,rifle,1,0,0,0,0,0,728.468201,-247.890747,134.839798,0,0,599.801575,934.871216,112.021797,0,0,0,0.000000,0.000000,0.000000,0,1,0,0,30.226505,e537f0fbeee87b04
69383,55001,7,Snax,76561197982141573,3,Team A,Magisk,76561197983956651,2,Team B,,0,0,,M4A4,rifle,1,0,0,0,0,0,720.461426,910.140076,107.909058,0,1,719.829712,-245.980957,134.819580,0,0,0,0.000000,0.000000,0.000000,1,0,0,0,29.373333,e537f0fbeee87b04
71478,56842,7,kyxsan,76561198057282432,2,Team B,Snax,76561197982141573,3,Team A,Magisk,76561197983956651,2,Team B,Galil AR,rifle,0,0,0,0,0,0,1320.112549,-479.521729,44.749535,0,0,870.181580,70.716003,130.901108,0,0,0,719.829712,-245.980957,134.819580,0,0,0,0,18.241995,e537f0fbeee87b04
74850,59249,8,m0NESY,76561198074762801,3,Team A,NiKo,76561198041683378,2,Team B,,0,0,,AWP,sniper,0,0,0,0,0,0,-1800.684082,982.940613,152.531250,0,0,-2159.439941,-243.575928,73.246429,0,0,0,0.000000,0.000000,0.000000,0,0,0,0,32.656193,e537f0fbeee87b04
75022,59373,8,m0NESY,76561198074762801,3,Team A,Magisk,76561197983956651,2,Team B,,0,0,,AWP,sniper,0,0,0,0,0,0,-1681.549805,942.509094,52.031250,0,0,-2087.324707,279.255249,88.031250,0,0,0,0.000000,0.000000,0.000000,0,1,0,0,19.864208,e537f0fbeee87b04
75197,59520,8,m0NESY,76561198074762801,3,Team A,degster,76561198799340122,2,Team B,,0,0,,AWP,sniper,0,0,0,0,0,0,-1690.374023,946.023560,52.031250,0,0,-2055.168213,316.891327,88.031250,0,0,0,0.000000,0.000000,0.000000,0,1,0,0,18.521242,e537f0fbeee87b04
75294,59596,8,TeSeS,76561197996678278,2,Team B,m0NESY,76561198074762801,3,Team A,,0,0,,MAC-10,smg,0,0,0,0,0,0,-1792.879883,1012.521301,52.031250,0,0,-1716.156006,963.590820,52.031250,0,0,0,0.000000,0.000000,0.000000,1,0,0,0,2.276891,e537f0fbeee87b04
75970,60145,8,HeavyGoD,76561198068002993,3,Team A,TeSeS,76561197996678278,2,Team B,,0,0,,M4A1,rifle,0,0,0,0,0,0,-891.386475,1475.497192,114.779907,0,0,-1434.367920,1255.948120,98.389709,0,0,0,0.000000,0.000000,0.000000,0,0,0,0,14.880370,e537f0fbeee87b04
76382,60486,8,HeavyGoD,76561198068002993,3,Team A,kyxsan,76561198057282432,2,Team B,malbsMd,76561198080703143,3,Team A,M4A1,rifle,0,0,0,0,0,0,-1650.500366,1164.831543,59.968750,1,0,-1504.221313,835.820740,54.031250,0,0,0,-1276.577148,570.852356,73.031250,0,0,1,0,9.135521,e537f0fbeee87b04
83070,65593,9,NiKo,76561198041683378,2,Team B,malbsMd,76561198080703143,3,Team A,,0,0,,AK-47,rifle,1,0,0,0,0,0,-304.309387,844.441528,77.843613,0,0,-253.537720,1228.512695,47.550018,0,0,0,0.000000,0.000000,0.000000,0,0,0,0,9.920528,e537f0fbeee87b04
83410,65878,9,TeSeS,76561197996678278,2,Team B,Snax,76561197982141573,3,Team A,,0,0,,AK-47,rifle,1,0,0,0,0,0,959.950134,-858.450684,11.804554,0,0,1326.418579,-641.413208,20.169716,0,0,0,0.000000,0.000000,0.000000,0,0,0,0,10.846781,e537f0fbeee87b04
83469,65929,9,TeSeS,76561197996678278,2,Team B,HeavyGoD,76561198068002993,3,Team A,,0,0,,AK-47,rifle,1,0,0,0,0,0,953.434509,-848.613220,12.055237,0,0,1346.827393,-574.859070,31.919220,0,0,0,0.000000,0.000000,0.000000,0,0,0,0,12.179085,e537f0fbeee87b04
85242,67436,9,m0NESY,76561198074762801,3,Team A,Magisk,76561197983956651,2,Team B,,0,0,,AWP,sniper,0,0,0,0,0,0,-1194.608765,1412.255859,97.846413,0,0,-1501.527466,1125.635986,97.759941,0,0,0,0.000000,0.000000,0.000000,0,1,0,0,10.664192,e537f0fbeee87b04
85351,67532,9,m0NESY,76561198074762801,3,Team A,kyxsan,76561198057282432,2,Team B,,0,0,,AWP,sniper,1,0,0,0,0,0,-1171.852051,1311.378784,116.136192,0,0,-1324.856079,1369.768799,97.255272,0,0,0,0.000000,0.000000,0.000000,0,1,0,0,4.178401,e537f0fbeee87b04
85363,67540,9,degster,76561198799340122,2,Team B,m0NESY,76561198074762801,3,Team A,kyxsan,76561198057282432,2,Team B,Galil AR,rifle,0,0,0,0,0,0,-568.268311,1373.422607,24.286137,0,0,-1171.541870,1312.208862,116.342979,0,0,0,-1324.792358,1369.933228,97.255272,1,0,0,0,15.543949,e537f0fbeee87b04
86698,68709,9,TeSeS,76561197996678278,2,Team B,huNter-,76561198012872053,3,Team A,,0,0,,AK-47,rifle,0,0,0,0,0,0,462.500122,-404.139771,189.031250,0,0,231.438217,-399.993530,196.031250,0,0,0,0.000000,0.000000,0.000000,0,0,0,0,5.857688,e537f0fbeee87b04
93694,73917,10,kyxsan,76561198057282432,2,Team B,m0NESY,76561198074762801,3,Team A,,0,0,,AK-47,rifle,1,0,0,0,0,0,-1122.122803,-1675.433960,-30.540710,0,0,-1866.827515,-929.087585,-20.084351,0,0,0,0.000000,0.000000,0.000000,0,1,0,0,26.827854,e537f0fbeee87b04
93965,74139,10,Snax,76561197982141573,3,Team A,kyxsan,76561198057282432,2,Team B,,0,0,,M4A1,rifle,1,0,0,0,0,0,-1321.405640,-1054.037476,2.569841,0,0,-1127.672363,-1397.836304,-18.635010,0,0,0,0.000000,0.000000,0.000000,1,0,0,0,10.040936,e537f0fbeee87b04
94994,75036,10,Snax,76561197982141573,3,Team A,Magisk,76561197983956651,2,Team B,,0,0,,M4A1,rifle,1,0,0,0,0,0,-1366.208618,-1423.715576,-23.255737,0,0,-1146.667603,-1269.330444,-21.782898,0,0,0,0.000000,0.000000,0.000000,0,0,0,0,6.838553,e537f0fbeee87b04
95900,75827,10,degster,76561198799340122,2,Team B,HeavyGoD,76561198068002993,3,Team A,,0,0,,AWP,sniper,0,0,0,0,0,0,336.332306,30.725967,152.654755,0,0,1271.490723,451.256989,123.738686,0,0,0,0.000000,0.000000,0.000000,0,0,0,0,26.054781,e537f0fbeee87b04
96073,75976,10,TeSeS,76561197996678278,2,Team B,huNter-,76561198012872053,3,Team A,,0,0,,AK-47,rifle,1,0,0,0,0,0,701.582520,782.659119,115.339859,0,0,1152.860718,803.050049,118.144081,0,0,0,0.000000,0.000000,0.000000,0,0,0,0,11.532696,e537f0fbeee87b04
96517,76359,10,TeSeS,76561197996678278,2,Team B,malbsMd,76561198080703143,3,Team A,,0,0,,AK-47,rifle,0,0,0,0,0,0,713.591736,897.032593,108.957420,0,0,100.709351,797.690857,81.504387,0,0,0,0.000000,0.000000,0.000000,0,0,1,0,15.764183,e537f0fbeee87b04
108539,86134,11,TeSeS,76561197996678278,2,Team B,malbsMd,76561198080703143,3,Team A,NiKo,76561198041683378,2,Team B,AK-47,rifle,0,0,0,0,0,0,452.698120,-747.952576,186.031250,0,0,235.239777,-876.211426,153.031250,0,0,0,-1030.462158,-656.031738,48.852074,0,1,0,0,6.461251,e537f0fbeee87b04
108583,86172,11,Snax,76561197982141573,3,Team A,TeSeS,76561197996678278,2,Team B,,0,0,,AK-47,rifle,1,0,0,0,0,0,219.276749,-797.173340,153.031250,0,0,454.075897,-754.456726,189.584808,0,0,0,0.000000,0.000000,0.000000,1,1,0,0,6.099687,e537f0fbeee87b04
108592,86181,11,NiKo,76561198041683378,2,Team B,Snax,76561197982141573,3,Team A,TeSeS,76561197996678278,2,Team B,AK-47,rifle,0,0,0,0,0,0,-1030.327393,-657.377502,48.443100,0,0,218.442551,-792.680664,153.031250,0,0,0,454.038025,-754.258789,189.584808,1,0,0,0,32.034370,e537f0fbeee87b04
108659,86232,11,NiKo,76561198041683378,2,Team B,m0NESY,76561198074762801,3,Team A,TeSeS,76561197996678278,2,Team B,AK-47,rifle,0,1,0,0,0,0,-1029.837646,-656.045410,48.892097,0,0,179.272858,-899.704529,155.377930,0,0,0,454.038025,-754.258789,189.584808,0,0,0,0,31.406067,e537f0fbeee87b04
109055,86583,11,NiKo,76561198041683378,2,Team B,huNter-,76561198012872053,3,Team A,,0,0,,AK-47,rifle,0,0,0,0,0,0,-324.118652,-780.224731,115.031250,0,0,226.681854,-803.750244,153.031250,0,0,0,0.000000,0.000000,0.000000,0,1,0,0,14.036008,e537f0fbeee87b04
109262,86763,11,HeavyGoD,76561198068002993,3,Team A,NiKo,76561198041683378,2,Team B,huNter-,76561198012872053,3,Team A,AK-47,rifle,0,2,0,0,0,0,177.752502,-616.697510,172.031250,0,0,-242.986877,-828.173279,164.031250,0,0,0,226.681854,-803.750244,153.031250,1,0,0,0,12.055361,e537f0fbeee87b04
112168,89293,11,degster,76561198799340122,2,Team B,HeavyGoD,76561198068002993,3,Team A,NiKo,76561198041683378,2,Team B,Tec-9,pistol,0,0,0,0,0,0,1023.700317,-1087.383423,1.031249,0,0,1220.090942,-586.282166,29.031250,0,0,0,-242.986877,-828.173279,164.031250,0,0,0,0,13.688123,e537f0fbeee87b04
119311,94617,12,huNter-,76561198012872053,3,Team A,NiKo,76561198041683378,2,Team B,,0,0,,M4A1,rifle,1,0,0,0,0,0,-819.035950,-227.446289,78.662453,0,0,70.917679,-893.414429,154.471222,0,0,0,0.000000,0.000000,0.000000,0,0,0,0,28.303816,e537f0fbeee87b04
119737,94970,12,Snax,76561197982141573,3,Team A,TeSeS,76561197996678278,2,Team B,,0,0,,M4A4,rifle,1,0,0,0,0,0,718.896606,-318.965088,139.371658,0,0,1040.436401,-4.132690,130.031250,0,0,0,0.000000,0.000000,0.000000,0,1,0,0,11.395426,e537f0fbeee87b04
119738,94971,12,malbsMd,76561198080703143,3,Team A,kyxsan,76561198057282432,2,Team B,,0,0,,FAMAS,rifle,1,0,0,0,0,0,54.638329,-837.993347,153.031250,0,0,1148.330688,-811.622192,3.064058,0,0,0,0.000000,0.000000,0.000000,0,0,0,0,28.112150,e537f0fbeee87b04
119795,95017,12,Magisk,76561197983956651,2,Team B,Snax,76561197982141573,3,Team A,,0,0,,AK-47,rifle,1,0,0,0,0,0,1299.968506,-151.394897,128.344666,0,0,702.730164,-268.603760,137.522949,0,0,0,0.000000,0.000000,0.000000,1,0,0,0,15.460067,e537f0fbeee87b04
120553,95665,12,HeavyGoD,76561198068002993,3,Team A,Magisk,76561197983956651,2,Team B,malbsMd,76561198080703143,3,Team A,M4A1,rifle,0,0,0,0,0,0,502.952637,-874.836731,126.364761,0,0,1381.597290,-714.804321,9.833713,0,0,0,635.983032,-699.926575,100.802589,0,0,0,0,22.835014,e537f0fbeee87b04
121688,96657,12,malbsMd,76561198080703143,3,Team A,degster,76561198799340122,2,Team B,,0,0,,AK-47,rifle,1,0,0,0,0,0,716.881287,-598.234619,114.532173,0,0,1376.626343,-814.719971,2.054356,0,0,0,0.000000,0.000000,0.000000,0,0,0,0,17.809275,e537f0fbeee87b04
143472,114058,13,malbsMd,76561198080703143,2,Team A,NiKo,76561198041683378,3,Team B,,0,0,,Glock-18,pistol,1,0,0,0,0,0,-1181.493530,-87.629883,103.059624,0,0,-1401.910156,168.000549,87.236084,0,0,0,0.000000,0.000000,0.000000,0,0,0,0,8.527256,e537f0fbeee87b04
143598,114162,13,Magisk,76561197983956651,3,Team B,Snax,76561197982141573,2,Team A,kyxsan,76561198057282432,3,Team B,USP-S,pistol,1,0,1,0,0,0,-1801.183716,1174.908569,52.958767,0,0,-2056.994629,356.397369,88.031250,0,1,0,-643.760071,1162.085449,71.840645,0,0,0,0,21.814739,e537f0fbeee87b04
144413,114874,13,malbsMd,76561198080703143,2,Team A,Magisk,76561197983956651,3,Team B,,0,0,,Glock-18,pistol,1,0,0,0,0,0,-1313.367310,535.459412,73.031250,0,0,-1674.962646,1038.666016,52.031250,0,0,0,0.000000,0.000000,0.000000,0,0,0,0,15.746192,e537f0fbeee87b04
144467,114920,13,malbsMd,76561198080703143,2,Team A,TeSeS,76561197996678278,3,Team B,,0,0,,Glock-18,pistol,1,0,0,0,0,0,-1299.221558,528.312134,73.031250,0,0,-1419.526611,953.649475,54.359684,0,0,0,0.000000,0.000000,0.000000,0,0,0,0,11.242001,e537f0fbeee87b04
144478,114928,13,huNter-,76561198012872053,2,Team A,degster,76561198799340122,3,Team B,,0,0,,Glock-18,pistol,1,0,0,0,0,0,-1095.206421,644.492004,116.031250,0,0,-1067.171631,784.628296,68.292290,0,0,0,0.000000,0.000000,0.000000,0,0,1,0,3.888568,e537f0fbeee87b04
144543,114985,13,malbsMd,76561198080703143,2,Team A,kyxsan,76561198057282432,3,Team B,,0,0,,Glock-18,pistol,0,0,0,0,0,0,-1296.527466,526.576904,73.031250,0,0,-1667.166138,1119.700317,52.031250,0,0,0,0.000000,0.000000,0.000000,0,0,0,0,17.772774,e537f0fbeee87b04
149472,118478,14,Magisk,76561197983956651,3,Team B,HeavyGoD,76561198068002993,2,Team A,,0,0,,MP9,smg,0,0,0,0,0,0,-2118.547119,515.803040,64.752861,0,1,-1895.897583,68.074921,76.031250,0,0,0,0.000000,0.000000,0.000000,0,1,0,0,12.708593,e537f0fbeee87b04
149552,118538,14,m0NESY,76561198074762801,2,Team A,Magisk,76561197983956651,3,Team B,HeavyGoD,76561198068002993,2,Team A,Galil AR,rifle,1,0,0,0,0,0,-2099.926270,97.165268,72.031258,0,1,-2041.529541,572.419678,52.031242,0,1,0,-1895.897583,68.074921,76.031250,1,0,0,0,12.042278,e537f0fbeee87b04
149854,118783,14,m0NESY,76561198074762801,2,Team A,TeSeS,76561197996678278,3,Team B,,0,0,,Galil AR,rifle,1,0,0,0,0,0,-2156.313721,197.161987,72.031258,0,0,-1336.969482,1419.327271,98.402908,0,0,0,0.000000,0.000000,0.000000,0,0,0,0,37.388954,e537f0fbeee87b04
150053,118941,14,malbsMd,76561198080703143,2,Team A,NiKo,76561198041683378,3,Team B,Snax,76561197982141573,2,Team A,AK-47,rifle,1,0,1,0,0,0,-1968.121826,551.983521,52.031246,0,1,-1728.137451,704.172607,52.031246,0,1,0,-2137.140381,606.280640,52.677952,0,0,0,0,7.206509,e537f0fbeee87b04
150212,119078,14,m0NESY,76561198074762801,2,Team A,degster,76561198799340122,3,Team B,huNter-,76561198012872053,2,Team A,Galil AR,rifle,0,1,0,0,0,0,-2107.542480,761.178650,52.884216,0,0,-1071.442383,817.979492,68.491570,0,1,0,-2106.970459,836.130310,55.424065,0,0,0,0,26.361101,e537f0fbeee87b04
160675,127485,15,HeavyGoD,76561198068002993,2,Team A,kyxsan,76561198057282432,3,Team B,,0,0,,Galil AR,rifle,0,0,0,0,0,0,1100.673828,-957.571533,3.528252,0,0,1180.554932,-563.132812,103.937500,0,0,0,0.000000,0.000000,0.000000,0,1,0,0,10.606854,e537f0fbeee87b04
160761,127556,15,Magisk,76561197983956651,3,Team B,HeavyGoD,76561198068002993,2,Team A,kyxsan,76561198057282432,3,Team B,Desert Eagle,pistol,1,1,0,0,0,0,1291.152100,-149.582336,129.515289,0,0,1108.106934,-960.922974,3.528252,0,0,0,1180.528564,-563.578369,102.288040,1,0,0,0,21.338638,e537f0fbeee87b04
160940,127706,15,m0NESY,76561198074762801,2,Team A,TeSeS,76561197996678278,3,Team B,huNter-,76561198012872053,2,Team A,AK-47,rifle,0,0,0,0,0,0,148.698776,-841.922852,153.031250,0,0,189.303589,-662.119873,154.031250,0,0,0,-604.468994,-562.386658,35.084980,0,0,0,0,4.688080,e537f0fbeee87b04
161367,128066,15,m0NESY,76561198074762801,2,Team A,degster,76561198799340122,3,Team B,HeavyGoD,76561198068002993,2,Team A,HE Grenade,grenade,0,0,0,0,0,0,489.839935,-887.368347,130.355408,0,0,1369.078979,-474.811768,48.571297,0,0,0,1108.106934,-960.922974,3.528252,0,0,0,0,24.695301,e537f0fbeee87b04
161797,128439,15,m0NESY,76561198074762801,2,Team A,NiKo,76561198041683378,3,Team B,malbsMd,76561198080703143,2,Team A,AK-47,rifle,0,0,0,0,0,0,1138.349243,-844.072754,3.140158,0,0,1283.327271,-503.976196,36.831245,0,0,0,-648.124573,-390.380981,60.316505,0,0,0,0,9.449911,e537f0fbeee87b04
162186,128764,15,huNter-,76561198012872053,2,Team A,Magisk,76561197983956651,3,Team B,,0,0,,Galil AR,rifle,1,0,0,0,0,0,-389.251099,-788.744812,69.031250,0,0,-512.797302,696.453308,137.787048,0,0,0,0.000000,0.000000,0.000000,0,0,0,0,37.909592,e537f0fbeee87b04
165865,131399,16,TeSeS,76561197996678278,3,Team B,Snax,76561197982141573,2,Team A,Magisk,76561197983956651,3,Team B,M4A4,rifle,0,0,1,0,0,0,284.720276,-403.614014,183.021362,0,0,139.616837,-806.580017,153.031250,0,1,0,-512.064758,159.175446,163.031250,0,0,1,0,10.869411,e537f0fbeee87b04
165950,131458,16,degster,76561198799340122,3,Team B,HeavyGoD,76561198068002993,2,Team A,Magisk,76561197983956651,3,Team B,AWP,sniper,0,0,1,0,0,0,-807.489380,-244.969299,78.657944,0,0,64.034401,-875.481140,153.031250,0,1,0,-390.899048,113.734161,174.031250,0,0,1,0,27.456264,e537f0fbeee87b04
166001,131503,16,NiKo,76561198041683378,3,Team B,malbsMd,76561198080703143,2,Team A,,0,0,,M4A4,rifle,0,0,0,0,0,0,-524.728455,-754.379211,32.031281,0,0,-1203.955566,-850.645996,40.340385,0,0,0,0.000000,0.000000,0.000000,0,0,1,0,17.447168,e537f0fbeee87b04
170168,135074,16,degster,76561198799340122,3,Team B,m0NESY,76561198074762801,2,Team A,,0,0,,AWP,sniper,0,0,0,0,0,0,-1194.612915,-33.114746,103.322952,0,0,-270.266174,-540.908203,164.031250,0,0,0,0.000000,0.000000,0.000000,0,0,0,0,26.827616,e537f0fbeee87b04
179847,142923,17,TeSeS,76561197996678278,3,Team B,Snax,76561197982141573,2,Team A,kyxsan,76561198057282432,3,Team B,M4A4,rifle,0,0,0,0,0,0,195.886688,-801.502380,153.031250,0,0,588.196228,-773.432495,106.449692,0,0,0,899.539917,-236.807190,130.157700,0,0,0,0,10.014222,e537f0fbeee87b04
182305,144914,17,NiKo,76561198041683378,3,Team B,m0NESY,76561198074762801,2,Team A,,0,0,,M4A4,rifle,0,0,0,0,0,0,722.175476,-1524.097534,-27.186035,0,0,1141.989380,-1159.970825,1.031253,0,0,0,0.000000,0.000000,0.000000,0,0,0,0,14.121200,e537f0fbeee87b04
182506,145092,17,huNter-,76561198012872053,2,Team A,kyxsan,76561198057282432,3,Team B,HeavyGoD,76561198068002993,2,Team A,AK-47,rifle,0,0,0,0,0,0,1118.875854,-28.042175,134.031250,0,0,1182.402832,520.486877,182.832642,0,1,0,1032.923828,-262.143005,124.353714,0,0,1,0,14.090540,e537f0fbeee87b04
182558,145138,17,HeavyGoD,76561198068002993,2,Team A,Magisk,76561197983956651,3,Team B,huNter-,76561198012872053,2,Team A,AK-47,rifle,1,0,0,0,0,0,1026.973999,-261.108765,124.462631,0,0,1178.462891,551.035583,129.244354,0,0,0,1127.760864,-27.765808,138.381485,0,0,1,0,20.945190,e537f0fbeee87b04
182957,145482,17,NiKo,76561198041683378,3,Team B,malbsMd,76561198080703143,2,Team A,,0,0,,M4A4,rifle,0,0,0,0,0,0,880.307678,-1454.732422,8.032066,0,0,1281.888916,-516.766724,34.990913,0,0,0,0.000000,0.000000,0.000000,0,0,0,0,25.925217,e537f0fbeee87b04
183040,145551,17,huNter-,76561198012872053,2,Team A,degster,76561198799340122,3,Team B,,0,0,,AK-47,rifle,0,0,0,0,0,0,745.809326,436.031799,129.905426,0,0,501.604004,922.435669,116.984375,1,0,0,0.000000,0.000000,0.000000,0,0,0,0,13.819859,e537f0fbeee87b04
183418,145882,17,huNter-,76561198012872053,2,Team A,TeSeS,76561197996678278,3,Team B,degster,76561198799340122,3,Team B,AK-47,rifle,0,0,0,0,0,0,541.844482,206.629105,156.031250,0,0,390.828949,-123.270081,154.031250,0,0,0,477.487488,911.146057,110.775215,0,0,0,0,9.224800,e537f0fbeee87b04
184083,146461,17,huNter-,76561198012872053,2,Team A,NiKo,76561198041683378,3,Team B,malbsMd,76561198080703143,2,Team A,AK-47,rifle,0,0,0,0,0,0,843.753662,197.901703,134.031250,0,0,1298.739502,-208.867920,117.734314,0,0,0,1281.597168,-516.639771,35.003822,0,0,0,0,15.534964,e537f0fbeee87b04
191339,151872,18,NiKo,76561198041683378,3,Team B,HeavyGoD,76561198068002993,2,Team A,,0,0,,M4A4,rifle,1,0,0,0,0,0,-1166.602539,-1062.123047,11.890617,0,0,-2139.424805,-1000.130127,8.390625,1,0,0,0.000000,0.000000,0.000000,0,0,0,0,24.773209,e537f0fbeee87b04
191809,152230,18,degster,76561198799340122,3,Team B,m0NESY,76561198074762801,2,Team A,,0,0,,AWP,sniper,0,0,0,0,0,0,-1690.414795,954.168274,52.031250,0,1,-2188.976562,48.238522,72.031258,0,1,0,0.000000,0.000000,0.000000,0,0,0,0,26.273634,e537f0fbeee87b04
191944,152334,18,degster,76561198799340122,3,Team B,malbsMd,76561198080703143,2,Team A,,0,0,,AWP,sniper,0,0,0,0,0,0,-1643.629272,917.629761,52.031250,0,1,-1852.074341,728.693787,52.031250,0,1,0,0.000000,0.000000,0.000000,0,0,0,0,7.273039,e537f0fbeee87b04
192025,152403,18,Magisk,76561197983956651,3,Team B,Snax,76561197982141573,2,Team A,,0,0,,M4A1,rifle,0,0,0,0,0,0,-1305.967896,474.180542,75.251724,0,1,-2081.073242,876.899780,56.858826,0,0,0,0.000000,0.000000,0.000000,0,0,0,0,22.163601,e537f0fbeee87b04
192393,152704,18,degster,76561198799340122,3,Team B,huNter-,76561198012872053,2,Team A,,0,0,,AWP,sniper,0,0,0,0,0,0,-1667.524902,960.575317,52.031250,0,0,-2178.395508,150.774124,72.031258,0,0,0,0.000000,0.000000,0.000000,0,0,0,0,24.324812,e537f0fbeee87b04
200774,159335,19,degster,76561198799340122,3,Team B,malbsMd,76561198080703143,2,Team A,,0,0,,AWP,sniper,0,0,0,0,0,0,643.358459,861.481079,112.940163,0,0,-179.231995,766.774048,77.664246,0,0,0,0.000000,0.000000,0.000000,0,0,0,0,21.037092,e537f0fbeee87b04
200879,159419,19,Magisk,76561197983956651,3,Team B,Snax,76561197982141573,2,Team A,,0,0,,AK-47,rifle,1,0,0,0,0,0,-1170.840820,1115.258911,52.699238,0,0,-289.027954,1065.275879,61.396999,0,0,0,0.000000,0.000000,0.000000,0,1,0,0,22.440784,e537f0fbeee87b04
200967,159497,19,m0NESY,76561198074762801,2,Team A,Magisk,76561197983956651,3,Team B,,0,0,,Galil AR,rifle,0,0,0,0,0,0,-201.237305,1049.350952,69.359467,0,0,-1171.467651,1089.293945,52.809513,0,0,0,0.000000,0.000000,0.000000,1,0,0,0,24.665733,e537f0fbeee87b04
201277,159757,19,huNter-,76561198012872053,2,Team A,kyxsan,76561198057282432,3,Team B,,0,0,,Tec-9,pistol,1,0,0,0,0,0,49.275642,589.714844,74.031250,0,0,113.336067,900.414307,84.711258,0,0,0,0.000000,0.000000,0.000000,0,1,0,0,8.187559,e537f0fbeee87b04
201606,160041,19,TeSeS,76561197996678278,3,Team B,huNter-,76561198012872053,2,Team A,,0,0,,M4A1,rifle,1,0,0,0,0,0,172.566391,914.600220,92.167809,0,1,86.771286,697.392761,83.350235,0,1,0,0.000000,0.000000,0.000000,1,1,0,0,5.972639,e537f0fbeee87b04
201649,160080,19,m0NESY,76561198074762801,2,Team A,TeSeS,76561197996678278,3,Team B,HeavyGoD,76561198068002993,2,Team A,AK-47,rifle,1,0,1,0,0,0,-190.477051,691.515686,77.664246,0,0,124.013893,907.758545,85.906143,0,1,0,-275.822998,1108.265747,64.031250,1,0,0,0,9.858151,e537f0fbeee87b04
202222,160569,19,m0NESY,76561198074762801,2,Team A,degster,76561198799340122,3,Team B,,0,0,,AK-47,rifle,1,0,0,0,0,0,571.557556,935.659058,112.042450,0,0,654.168396,190.836868,134.031250,0,0,0,0.000000,0.000000,0.000000,0,0,0,0,19.061766,e537f0fbeee87b04
203018,161252,19,NiKo,76561198041683378,3,Team B,m0NESY,76561198074762801,2,Team A,Magisk,76561197983956651,3,Team B,AK-47,rifle,0,2,0,0,0,0,413.555695,-275.537720,172.803818,0,0,709.941650,-306.390869,138.962891,0,0,0,-1171.466919,1089.241089,52.809578,0,0,0,0,7.585334,e537f0fbeee87b04
204052,162164,19,HeavyGoD,76561198068002993,2,Team A,NiKo,76561198041683378,3,Team B,,0,0,,AK-47,rifle,0,2,0,0,0,0,724.487732,-311.096924,139.149429,0,0,617.013794,157.519928,137.846786,0,0,0,0.000000,0.000000,0.000000,0,0,0,0,12.210284,e537f0fbeee87b04
214308,170164,20,malbsMd,76561198080703143,2,Team A,TeSeS,76561197996678278,3,Team B,,0,0,,AK-47,rifle,0,0,0,0,0,0,-1112.956177,-846.746826,34.398937,0,0,162.297958,-792.341675,153.031250,0,0,0,0.000000,0.000000,0.000000,0,0,0,0,32.557793,e537f0fbeee87b04
214314,170170,20,malbsMd,76561198080703143,2,Team A,HeavyGoD,76561198068002993,2,Team A,TeSeS,76561197996678278,3,Team B,AK-47,rifle,0,0,0,0,0,0,-1112.956177,-846.746826,34.398937,0,0,419.218567,-803.348450,163.140625,1,0,0,162.390350,-791.442871,153.031250,0,0,0,0,39.090565,e537f0fbeee87b04
215267,170961,20,huNter-,76561198012872053,2,Team A,NiKo,76561198041683378,3,Team B,,0,0,,Galil AR,rifle,1,0,0,0,0,0,-1708.791992,187.217300,92.516922,0,0,-2089.938721,221.632294,80.851082,0,0,0,0.000000,0.000000,0.000000,0,0,0,0,9.722838,e537f0fbeee87b04
216899,172314,20,Magisk,76561197983956651,3,Team B,malbsMd,76561198080703143,2,Team A,,0,0,,M4A1,rifle,0,0,0,0,0,0,-1643.541138,1176.956421,52.031250,0,0,-1335.968506,407.086426,93.031250,0,0,0,0.000000,0.000000,0.000000,0,1,0,0,21.082212,e537f0fbeee87b04
217076,172468,20,Snax,76561197982141573,2,Team A,Magisk,76561197983956651,3,Team B,malbsMd,76561198080703143,2,Team A,AK-47,rifle,0,0,0,0,0,0,-1282.164551,660.050903,62.682640,0,0,-1723.610962,1087.966431,52.031250,0,0,0,-1335.968506,407.086426,93.031250,1,0,0,0,15.616736,e537f0fbeee87b04
217513,172852,20,kyxsan,76561198057282432,3,Team B,m0NESY,76561198074762801,2,Team A,,0,0,,M4A4,rifle,1,0,0,0,0,0,-505.222717,-87.229004,70.441109,0,0,-1329.293579,-308.873108,106.031258,0,0,0,0.000000,0.000000,0.000000,0,0,0,0,21.709696,e537f0fbeee87b04
218522,173733,20,Snax,76561197982141573,2,Team A,degster,76561198799340122,3,Team B,,0,0,,AK-47,rifle,1,0,0,0,0,0,-1218.192139,1358.209351,102.031250,0,0,-1745.586304,1009.297729,52.031250,0,0,0,0.000000,0.000000,0.000000,0,0,0,0,16.112190,e537f0fbeee87b04
218660,173851,20,huNter-,76561198012872053,2,Team A,kyxsan,76561198057282432,3,Team B,,0,0,,Galil AR,rifle,0,0,0,0,0,0,-1499.664917,-200.283691,106.031242,0,0,-1238.635986,707.193115,56.031250,0,0,0,0.000000,0.000000,0.000000,0,0,0,0,23.972385,e537f0fbeee87b04
221792,176068,21,malbsMd,76561198080703143,2,Team A,NiKo,76561198041683378,3,Team B,,0,0,,AK-47,rifle,1,0,0,0,0,0,-691.828979,-851.463074,32.402805,0,1,-480.486389,664.828125,138.031250,0,0,0,0.000000,0.000000,0.000000,0,0,0,0,38.980167,e537f0fbeee87b04
223886,177765,21,Snax,76561197982141573,2,Team A,TeSeS,76561197996678278,3,Team B,,0,0,,Galil AR,rifle,1,0,0,0,0,0,327.865112,242.851639,155.682266,0,0,726.559387,162.213791,130.031250,0,0,0,0.000000,0.000000,0.000000,0,0,0,0,10.351428,e537f0fbeee87b04
223940,177814,21,huNter-,76561198012872053,2,Team A,degster,76561198799340122,3,Team B,,0,0,,AK-47,rifle,1,0,0,0,0,0,429.669342,116.632896,152.654755,0,0,1298.483765,263.909607,130.531250,0,0,0,0.000000,0.000000,0.000000,0,0,0,0,22.391071,e537f0fbeee87b04
224352,178160,21,malbsMd,76561198080703143,2,Team A,Magisk,76561197983956651,3,Team B,HeavyGoD,76561198068002993,2,Team A,AK-47,rifle,1,0,1,0,0,0,1216.586304,568.872253,125.355385,0,1,1102.497681,964.283447,104.367126,0,1,0,809.564270,-7.371826,130.901108,0,0,0,0,10.458156,e537f0fbeee87b04
224812,178563,21,malbsMd,76561198080703143,2,Team A,kyxsan,76561198057282432,3,Team B,,0,0,,AK-47,rifle,1,0,0,0,0,0,1152.072266,950.190430,105.659180,0,0,637.911621,664.074036,116.315552,0,0,0,0.000000,0.000000,0.000000,0,0,1,0,14.975796,e537f0fbeee87b04
232808,184523,22,malbsMd,76561198080703143,2,Team A,kyxsan,76561198057282432,3,Team B,Snax,76561197982141573,2,Team A,AK-47,rifle,1,0,1,0,0,0,-1881.196045,943.782410,52.031250,0,1,-1627.296265,1187.965454,52.031250,0,1,0,-1470.987061,726.182190,56.031250,0,1,0,0,8.938519,e537f0fbeee87b04
232949,184644,22,NiKo,76561198041683378,3,Team B,malbsMd,76561198080703143,2,Team A,Magisk,76561197983956651,3,Team B,M4A4,rifle,0,0,0,0,0,0,-1555.851929,560.300842,174.031250,0,1,-1785.103638,1138.125610,52.031250,0,0,0,-1044.037109,903.033447,70.164032,1,1,0,0,16.030544,e537f0fbeee87b04
232960,184654,22,m0NESY,76561198074762801,2,Team A,NiKo,76561198041683378,3,Team B,malbsMd,76561198080703143,2,Team A,AWP,sniper,0,0,0,0,0,0,-2104.218262,551.736023,52.030895,0,0,-1555.851929,560.300842,174.031250,0,1,0,-1785.817383,1137.867188,52.031250,1,0,1,0,14.209047,e537f0fbeee87b04
233107,184773,22,Magisk,76561197983956651,3,Team B,Snax,76561197982141573,2,Team A,,0,0,,M4A4,rifle,1,0,0,0,0,0,-1033.129395,913.420715,73.631248,0,0,-1260.931030,683.367981,54.910286,0,0,0,0.000000,0.000000,0.000000,0,1,0,0,8.243188,e537f0fbeee87b04
233132,184795,22,huNter-,76561198012872053,2,Team A,Magisk,76561197983956651,3,Team B,Snax,76561197982141573,2,Team A,AK-47,rifle,1,0,1,0,0,0,-1968.637207,1025.312134,52.031246,0,0,-1037.068726,873.524536,72.686783,0,0,0,-1260.931030,683.367981,54.910286,1,0,0,0,23.997423,e537f0fbeee87b04
234043,185570,22,m0NESY,76561198074762801,2,Team A,TeSeS,76561197996678278,3,Team B,,0,0,,AWP,sniper,0,0,0,0,0,0,-1987.738892,729.965393,52.031250,0,0,-879.866882,1075.442017,66.031250,0,0,0,0.000000,0.000000,0.000000,0,0,0,0,29.475229,e537f0fbeee87b04
235435,186767,22,huNter-,76561198012872053,2,Team A,degster,76561198799340122,3,Team B,,0,0,,AK-47,rifle,0,0,0,0,0,0,-1913.139771,589.659729,52.031250,0,0,-1092.261353,623.407471,116.031250,0,0,0,0.000000,0.000000,0.000000,0,0,1,0,20.971809,e537f0fbeee87b04
