name,steamid,score,team_name,kills,assists,deaths,headshots,hs_percentage,kd,kast,avg_damages_per_round,avg_kills_per_round,avg_death_per_round,utility_damage_per_round,mvp,rank_type,rank,old_rank,win_count,bomb_planted,bomb_defused,hostage_rescued,health_damage,armor_damage,utility_damage,1v1,1v2,1v3,1v4,1v5,1v1_won,1v2_won,1v3_won,1v4_won,1v5_won,1v1_lost,1v2_lost,1v3_lost,1v4_lost,1v5_lost,first_kill,first_death,trade_kill,trade_death,first_trade_kill,first_trade_death,k_1,k_2,k_3,k_4,k_5,htlv_2,htlv,crosshair_share_code,color,inspect_weapon_count,match_checksum
yxngstxr,76561199137143905,39,HEROIC,12,4,21,7,58,0.571429,62.5,60.708332,0.5,0.875,1.333333,2,-1,0,0,0,3,0,0,1457,262,32,8,13,5,9,4,3,1,0,0,0,5,12,5,9,4,1,3,1,5,0,0,4,4,0,0,0,0.694449,0.616657,CSGO-rNq6n-z6cO7-dGVbe-WBBwW-hiA6Q,0,0,6ff36ec1a9149902
magixx,76561199063238565,27,Team Spirit,8,3,16,4,50,0.5,75.0,44.791668,0.333333,0.666667,2.958333,3,-1,0,0,0,2,0,0,1075,238,71,6,11,3,7,2,3,1,0,0,0,3,10,3,7,2,1,6,1,6,0,3,4,2,0,0,0,0.69758,0.599455,CSGO-9vKLy-OAOok-Yrj2D-6t3oQ-7T8SA,1,0,6ff36ec1a9149902
SunPayus,76561198309839541,53,HEROIC,22,3,13,8,36,1.692308,83.333328,83.125,0.916667,0.541667,2.666667,3,-1,0,0,0,0,0,0,1995,298,64,10,15,7,11,6,4,2,1,1,1,6,13,6,10,5,5,3,7,2,0,1,7,4,1,1,0,1.451888,1.454921,CSGO-qahFh-KZEFk-UxyQH-wViqJ-TpNkO,3,0,6ff36ec1a9149902
xfl0ud,76561198178209109,45,HEROIC,11,6,17,4,36,0.647059,70.833328,73.958336,0.458333,0.708333,8.458333,3,-1,0,0,0,5,0,0,1775,328,203,7,12,4,8,3,4,2,1,1,1,3,10,3,7,2,3,3,0,4,0,0,11,0,0,0,0,0.858787,0.621476,CSGO-ss6GJ-xKqHC-9JhaE-HZoZ9-dGpYF,4,0,6ff36ec1a9149902
LNZ,76561198104626893,48,HEROIC,17,5,18,4,23,0.944444,66.666672,62.041668,0.708333,0.75,2.25,2,-1,0,0,0,2,0,0,1489,248,54,7,12,4,8,3,4,2,1,1,1,3,10,3,7,2,1,2,4,5,0,1,9,1,2,0,0,0.979966,0.965458,CSGO-BkLsj-3EeOH-QW5yu-vwvph-u6GSQ,1,0,6ff36ec1a9149902
maden,76561198165452027,32,HEROIC,11,8,16,5,45,0.6875,62.5,72.125,0.458333,0.666667,5.583333,1,-1,0,0,0,0,0,0,1731,398,134,6,11,3,7,2,3,1,0,0,0,3,10,3,7,2,0,3,4,2,0,1,9,1,0,0,0,0.822593,0.679723,CSGO-Ubit8-sX9VA-Gafqa-uZ4Ct-o8veM,2,0,6ff36ec1a9149902
chopper,76561198045898864,43,Team Spirit,17,6,10,8,47,1.7,83.333328,64.833336,0.708333,0.416667,3.041667,0,-1,0,0,0,1,1,0,1556,328,73,9,14,6,10,5,3,1,0,0,0,6,13,6,10,5,4,1,4,3,0,0,10,2,1,0,0,1.29235,1.189737,CSGO-DDMKA-7f8Le-z3na4-y3N5v-BWRZQ,2,0,6ff36ec1a9149902
donk,76561198386265483,60,Team Spirit,25,7,18,15,60,1.388889,75.0,112.666664,1.041667,0.75,4.666667,2,-1,0,0,0,0,0,0,2704,385,112,6,11,3,7,2,3,1,0,0,0,3,10,3,7,2,5,0,7,6,0,0,6,8,1,0,0,1.499213,1.340634,CSGO-y8jVe-Qzd9L-KAxDP-Pcdot-imA6Q,0,0,6ff36ec1a9149902
sh1ro,76561198081484775,56,Team Spirit,20,3,14,8,40,1.428571,87.5,85.25,0.833333,0.583333,7.125,6,-1,0,0,0,4,0,0,2046,266,171,6,11,3,7,2,3,1,0,0,0,3,10,3,7,2,3,1,3,5,0,1,5,4,1,1,0,1.394873,1.351219,CSGO-bk5KR-52jw7-tKRaw-7kzdw-hOxoO,4,0,6ff36ec1a9149902
zont1x,76561198995880877,41,Team Spirit,15,4,15,7,46,1.0,75.0,71.208336,0.625,0.625,1.0,2,-1,0,0,0,1,0,0,1709,341,24,9,14,6,10,5,4,2,1,1,1,5,12,5,9,4,1,2,4,2,0,1,6,3,1,0,0,1.060566,0.973896,CSGO-YRxPX-pKo3w-qZ2eU-GFa9n-biaAB,3,0,6ff36ec1a9149902
SunPayus,76561198309839541,28,Team A,13,2,12,3,23,1.083333,56.25,92.0625,0.8125,0.75,2.875,2,-1,0,0,0,0,0,0,1473,146,46,9,10,12,9,8,2,2,2,1,1,7,8,10,8,7,1,0,1,1,0,0,6,0,1,1,0,1.081724,1.209589,CSGO-qahFh-KZEFk-UxyQH-wViqJ-TpNkO,3,0,74f1eea03072e6b4
zont1x,76561198995880877,31,Team B,11,5,9,4,36,1.222222,81.25,78.25,0.6875,0.5625,2.75,3,-1,0,0,0,2,0,0,1252,236,44,5,6,8,5,4,1,1,1,0,0,4,5,7,5,4,1,4,1,4,0,2,3,4,0,0,0,1.23058,1.07723,CSGO-YRxPX-pKo3w-qZ2eU-GFa9n-biaAB,3,0,74f1eea03072e6b4
LNZ,76561198104626893,19,Team A,9,1,14,4,44,0.642857,56.25,52.6875,0.5625,0.875,0.0,0,-1,0,0,0,0,0,0,843,186,0,4,5,7,4,3,1,1,1,0,0,3,4,6,4,3,2,3,0,0,0,0,3,3,0,0,0,0.666801,0.68096,CSGO-BkLsj-3EeOH-QW5yu-vwvph-u6GSQ,0,0,74f1eea03072e6b4
yxngstxr,76561199137143905,14,Team A,5,2,14,3,60,0.357143,50.0,50.8125,0.3125,0.875,2.3125,0,-1,0,0,0,1,0,0,813,167,37,5,6,8,5,4,1,1,1,0,0,4,5,7,5,4,0,0,1,1,0,0,5,0,0,0,0,0.405318,0.363324,CSGO-u2H9q-R3KDb-ijHuY-Bfizr-J9T8N,1,0,74f1eea03072e6b4
xfl0ud,76561198178209109,19,Team A,8,3,14,5,62,0.571429,75.0,63.6875,0.5,0.875,0.125,0,-1,0,0,0,0,0,0,1019,189,2,6,7,9,6,5,1,1,1,0,0,5,6,8,6,5,2,4,1,0,0,0,9,0,0,0,0,0.797308,0.538107,CSGO-ss6GJ-xKqHC-9JhaE-HZoZ9-dGpYF,4,0,74f1eea03072e6b4
maden,76561198165452027,15,Team A,7,2,14,1,14,0.5,43.75,43.125,0.4375,0.875,4.0,1,-1,0,0,0,0,0,0,690,109,64,4,5,7,4,3,1,1,1,0,0,3,4,6,4,3,2,2,0,1,0,1,2,1,1,0,0,0.443135,0.612777,CSGO-Ubit8-sX9VA-Gafqa-uZ4Ct-o8veM,2,0,74f1eea03072e6b4
donk,76561198386265483,23,Team B,9,1,9,6,66,1.0,81.25,63.75,0.5625,0.5625,2.5625,0,-1,0,0,0,1,0,0,1020,110,41,3,4,6,3,2,1,1,1,0,0,2,3,5,3,2,5,1,3,4,0,0,9,0,0,0,0,1.051232,0.827777,CSGO-VHcPj-yPL6x-NAHqX-s2yyW-o2OtQ,2,0,74f1eea03072e6b4
sh1ro,76561198081484775,47,Team B,19,0,5,13,68,3.8,87.5,106.25,1.1875,0.3125,0.125,4,-1,0,0,0,2,0,0,1700,105,2,4,5,7,4,3,1,1,1,0,0,3,4,6,4,3,2,0,4,1,0,0,3,8,0,0,0,1.900066,1.844457,CSGO-bk5KR-52jw7-tKRaw-7kzdw-hOxoO,4,0,74f1eea03072e6b4
magixx,76561199063238565,40,Team B,14,3,10,11,78,1.4,87.5,92.4375,0.875,0.625,2.375,3,-1,0,0,0,2,0,0,1479,131,38,4,5,7,4,3,2,2,2,1,1,2,3,5,3,2,1,0,3,4,0,0,7,1,0,0,1,1.437909,1.436547,CSGO-9vKLy-OAOok-Yrj2D-6t3oQ-7T8SA,1,0,74f1eea03072e6b4
chopper,76561198045898864,33,Team B,14,3,10,8,57,1.4,68.75,89.8125,0.875,0.625,3.0,3,-1,0,0,0,0,1,0,1437,253,48,4,5,7,4,3,2,2,2,1,1,2,3,5,3,2,0,2,2,2,0,1,1,3,1,1,0,1.292634,1.472801,CSGO-DDMKA-7f8Le-z3na4-y3N5v-BWRZQ,0,0,74f1eea03072e6b4
huNter,76561198012872053,47,Team B,16,6,7,9,56,2.285714,86.666664,92.0,1.066667,0.466667,4.8,5,-1,0,0,0,2,1,0,1380,186,72,2,6,4,3,0,1,1,0,0,0,1,5,4,3,0,0,2,6,1,0,1,6,2,2,0,0,1.701636,1.636751,CSGO-FcYhd-cJmqs-9NL47-yLRVG-oZJaA,2,0,f101e58241ef725a
m0NESY,76561198074762801,56,Team B,20,5,7,6,30,2.857143,100.0,124.26667,1.333333,0.466667,3.533333,6,-1,0,0,0,4,0,0,1864,152,53,3,7,5,4,1,2,2,1,1,1,1,5,4,3,0,4,0,3,3,0,0,5,6,1,0,0,2.126071,1.898221,CSGO-s5Qbj-nvF89-cJjDd-mRdSG-5Yt4N,0,0,f101e58241ef725a
HeavyGod,76561198068002993,33,Team B,12,1,7,6,50,1.714286,100.0,79.933334,0.8,0.466667,7.066667,1,-1,0,0,0,1,0,0,1199,134,106,3,7,5,4,1,1,1,0,0,0,2,6,5,4,1,3,0,1,3,0,0,9,0,1,0,0,1.496659,1.220598,CSGO-dE62s-bXOib-X28Yu-zJHtx-hif4D,4,0,f101e58241ef725a
Snax,76561197982141573,20,Team B,6,3,11,3,50,0.545455,80.0,53.400002,0.4,0.733333,1.666667,1,-1,0,0,0,1,0,0,801,133,25,4,8,6,5,2,2,2,1,1,1,2,6,5,4,1,2,0,0,2,0,0,4,1,0,0,0,0.791194,0.590963,CSGO-OFKZZ-mZp9n-KXx4x-2SmEp-jcYHK,1,0,f101e58241ef725a
s1ren,76561198167785069,14,Team A,5,1,11,3,60,0.454545,60.000004,34.200001,0.333333,0.733333,1.666667,0,-1,0,0,0,1,0,0,513,106,25,4,8,6,5,2,1,1,0,0,0,3,7,6,5,2,0,4,2,2,0,1,3,1,0,0,0,0.512848,0.535264,CSGO-JS5jt-cuTNe-NzRAM-iSkXG-QiCcO,1,0,f101e58241ef725a
KaiR0N-,76561198157151718,25,Team A,9,5,14,7,77,0.642857,80.0,70.333336,0.6,0.933333,0.666667,2,-1,0,0,0,0,1,0,1055,170,10,2,6,4,3,0,1,1,0,0,0,1,5,4,3,0,0,1,2,3,0,0,4,1,1,0,0,0.924951,0.710505,CSGO-DOBeN-BoZbA-dzT9D-j4UWL-N3n6J,0,0,f101e58241ef725a
nafany,76561198059714128,23,Team A,10,3,13,4,40,0.769231,80.0,65.73333,0.666667,0.866667,1.2,0,-1,0,0,0,0,0,0,986,202,18,6,10,8,7,4,1,1,0,0,0,5,9,8,7,4,1,1,3,1,0,0,8,1,0,0,0,0.990097,0.704715,CSGO-rsVkx-LbszC-GsA4P-jSaXx-ucYHK,2,0,f101e58241ef725a
Magnojez,76561198372023214,16,Team A,7,2,13,4,57,0.538462,60.000004,48.466667,0.466667,0.866667,0.4,0,-1,0,0,0,0,0,0,727,210,6,6,10,8,7,4,1,1,0,0,0,5,9,8,7,4,0,6,2,4,0,1,3,2,0,0,0,0.609335,0.576287,CSGO-VcLCF-iKDSt-56GKR-7Vpe2-VtjjD,3,0,f101e58241ef725a
malbsMd,76561198080703143,34,Team B,10,8,11,6,60,0.909091,100.0,87.333336,0.666667,0.733333,4.733333,0,-1,0,0,0,2,0,0,1310,111,71,2,6,4,3,0,1,1,0,0,0,1,5,4,3,0,4,0,3,6,0,0,6,2,0,0,0,1.309478,0.852433,CSGO-BESWf-UTpQO-oem3R-qkzNq-ZnPJM,3,0,f101e58241ef725a
Ax1Le,76561198045433304,28,Team A,12,3,13,7,58,0.923077,93.333336,95.73333,0.8,0.866667,3.0,0,-1,0,0,0,0,0,0,1436,173,45,3,7,5,4,1,1,1,0,0,0,2,6,5,4,1,1,1,2,3,0,1,5,2,1,0,0,1.298675,0.970798,CSGO-VUruu-vsXq5-kNiQC-4cVwq-pLDhP,4,0,f101e58241ef725a
s1ren,76561198167785069,10,BetBoom,4,2,12,2,50,0.333333,50.0,35.6875,0.25,0.75,1.25,0,-1,0,0,0,0,0,0,571,120,20,7,8,6,10,6,2,1,0,0,0,5,7,6,10,6,0,2,0,2,0,0,4,0,0,0,0,0.36951,0.413337,CSGO-xyOh8-fYMtT-pUnFf-8rY85-tXcNE,4,0,d8db8a4b337c6ecd
nafany,76561198059714128,14,BetBoom,6,3,14,3,50,0.428571,56.25,56.0,0.375,0.875,2.0625,1,-1,0,0,0,0,0,0,896,166,33,4,5,3,7,3,2,1,0,0,0,2,4,3,7,3,0,4,0,3,0,2,4,1,0,0,0,0.527791,0.451797,CSGO-rsVkx-LbszC-GsA4P-jSaXx-ucYHK,2,0,d8db8a4b337c6ecd
Snax,76561197982141573,19,G2,4,9,9,1,25,0.444444,81.25,66.6875,0.25,0.5625,6.375,0,-1,0,0,0,0,0,0,1067,158,102,4,5,3,7,3,2,1,0,0,0,2,4,3,7,3,3,1,0,4,0,0,4,0,0,0,0,0.840339,0.566684,CSGO-OFKZZ-mZp9n-KXx4x-2SmEp-jcYHK,0,0,d8db8a4b337c6ecd
m0NESY,76561198074762801,43,G2,16,9,7,7,43,2.285714,81.25,101.8125,1.0,0.4375,0.625,3,-1,0,0,0,2,0,0,1629,102,10,3,4,2,6,2,2,1,0,0,0,1,3,2,6,2,2,2,3,1,0,0,6,2,2,0,0,1.667604,1.58557,CSGO-s5Qbj-nvF89-cJjDd-mRdSG-5Yt4N,3,0,d8db8a4b337c6ecd
KaiR0N-,76561198157151718,29,BetBoom,14,2,12,10,71,1.166667,87.5,81.375,0.875,0.75,2.5625,0,-1,0,0,0,0,0,0,1302,235,41,4,5,3,7,3,2,1,0,0,0,2,4,3,7,3,2,0,3,2,0,0,8,0,2,0,0,1.32967,1.153046,CSGO-DOBeN-BoZbA-dzT9D-j4UWL-N3n6J,0,0,d8db8a4b337c6ecd
HeavyGod,76561198068002993,48,G2,16,7,8,9,56,2.0,87.5,98.125,1.0,0.5,3.1875,4,-1,0,0,0,3,0,0,1570,145,51,3,4,2,6,2,2,1,0,0,0,1,3,2,6,2,2,1,4,3,0,0,5,1,3,0,0,1.65567,1.606962,CSGO-dE62s-bXOib-X28Yu-zJHtx-hif4D,4,0,d8db8a4b337c6ecd
huNter,76561198012872053,39,G2,12,1,7,5,41,1.714286,87.5,57.5,0.75,0.4375,1.875,3,-1,0,0,0,4,0,0,920,88,30,7,8,6,10,6,4,3,2,2,2,3,5,4,8,4,1,2,3,3,0,2,5,2,1,0,0,1.305533,1.267934,CSGO-7p8aC-3tTU4-pb8GQ-OP9Kq-qKwLA,2,0,d8db8a4b337c6ecd
malbsMd,76561198080703143,36,G2,17,4,15,11,64,1.133333,75.0,96.8125,1.0625,0.9375,3.3125,3,-1,0,0,0,0,0,0,1549,217,53,3,4,2,6,2,2,1,0,0,0,1,3,2,6,2,2,0,4,5,0,0,3,4,2,0,0,1.362417,1.30137,CSGO-uDwac-fNMzW-mDZGF-yzxYi-yrmHB,1,0,d8db8a4b337c6ecd
Magnojez,76561198372023214,21,BetBoom,10,2,12,7,70,0.833333,56.25,54.0625,0.625,0.75,4.125,1,-1,0,0,0,0,0,0,865,179,66,5,6,4,8,4,3,2,1,1,1,2,4,3,7,3,1,4,3,1,0,0,3,2,1,0,0,0.798061,0.907918,CSGO-VcLCF-iKDSt-56GKR-7Vpe2-VtjjD,1,0,d8db8a4b337c6ecd
Ax1Le,76561198045433304,31,BetBoom,12,7,15,9,75,0.8,75.0,101.0625,0.75,0.9375,0.5625,1,-1,0,0,0,0,0,0,1617,233,9,7,8,6,10,6,2,1,0,0,0,5,7,6,10,6,3,0,2,3,0,0,7,1,1,0,0,1.124592,0.822754,CSGO-VUruu-vsXq5-kNiQC-4cVwq-pLDhP,3,0,d8db8a4b337c6ecd
jottAAA,76561198410750263,46,Eternal Fire,11,3,10,5,45,1.1,86.36364,54.272728,0.5,0.454545,2.227273,4,-1,0,0,0,5,1,0,1194,186,49,2,3,9,6,5,2,1,1,1,1,0,2,8,5,4,2,0,4,2,0,0,9,1,0,0,0,1.069101,0.890216,CSGO-hvZ4i-4S8Mt-3e4vy-xcofo-Kj5BO,1,0,299d651349cc6962
ZywOo,76561198113666193,30,Vitality,12,2,15,2,16,0.8,77.272728,62.045456,0.545455,0.681818,6.727273,1,-1,0,0,0,3,0,0,1365,217,148,4,5,11,8,7,1,0,0,0,0,3,5,11,8,7,0,1,3,2,0,0,8,2,0,0,0,0.941256,0.768684,CSGO-QBZoB-Rud8R-CNTdt-DKQbS-mqW5F,1,0,299d651349cc6962
woxic,76561198083485506,36,Eternal Fire,12,6,10,4,33,1.2,81.818184,59.272728,0.545455,0.454545,0.272727,1,-1,0,0,0,2,0,0,1304,81,6,3,4,10,7,6,1,0,0,0,0,2,4,10,7,6,3,2,3,2,0,1,8,1,1,0,0,1.104792,1.020476,CSGO-hVyt6-6w7hL-hQyc6-xReeD-3sNkO,0,0,299d651349cc6962
Wicadia,76561198812513923,21,Eternal Fire,7,5,17,2,28,0.411765,68.181816,45.454544,0.318182,0.772727,6.590909,0,-1,0,0,0,0,0,0,1000,174,145,3,4,10,7,6,1,0,0,0,0,2,4,10,7,6,0,2,2,6,0,0,7,0,0,0,0,0.590501,0.451715,CSGO-VcjiB-bTkaR-aK7E8-uAyB6-8PxoO,2,0,299d651349cc6962
mezii,76561197973140692,40,Vitality,13,4,14,8,61,0.928571,54.545456,79.13636,0.590909,0.636364,2.909091,2,-1,0,0,0,1,0,0,1741,216,64,3,4,10,7,6,1,0,0,0,0,2,4,10,7,6,2,2,5,1,1,0,2,3,2,0,0,0.902606,1.041585,CSGO-cXRt7-URURp-wo2kd-n4VTi-oTc3K,4,0,299d651349cc6962
XANTARES,76561198044118796,74,Eternal Fire,29,7,10,22,75,2.9,90.909096,132.409088,1.318182,0.454545,0.5,6,-1,0,0,0,1,1,0,2913,393,11,3,4,10,7,6,1,0,0,0,0,2,4,10,7,6,6,0,4,2,0,0,6,4,1,3,0,2.077617,2.2066,CSGO-Zwh2K-kGAt3-9txk7-rqbm6-8LhWA,3,0,299d651349cc6962
flameZ,76561197978835160,38,Vitality,14,3,15,10,71,0.933333,68.181816,67.454544,0.636364,0.681818,3.090909,2,-1,0,0,0,1,0,0,1484,243,68,3,4,10,7,6,1,0,0,0,0,2,4,10,7,6,3,4,2,6,0,1,7,2,1,0,0,0.975306,0.923738,CSGO-6GTQz-fG2FY-HwPO8-TbT3i-vfrVQ,2,0,299d651349cc6962
ropz,76561197991272318,27,Vitality,10,4,12,5,50,0.833333,68.181816,66.681816,0.454545,0.545455,1.772727,2,-1,0,0,0,0,0,0,1467,250,39,5,6,12,9,8,1,0,0,0,0,4,6,12,9,8,2,4,0,1,0,0,3,2,1,0,0,0.892878,0.883355,CSGO-nCfX7-54ue9-aC5eV-6Womf-Q6izO,0,0,299d651349cc6962
MAJ3R,76561197967432889,33,Eternal Fire,12,5,12,8,66,1.0,68.181816,65.727272,0.545455,0.545455,4.045455,2,-1,0,0,0,0,0,0,1446,131,89,2,3,9,6,5,1,0,0,0,0,1,3,9,6,5,3,4,2,4,0,3,3,3,1,0,0,0.972928,0.985675,CSGO-dB2kZ-vRqYD-jr9OB-hqiVw-HvD7K,4,0,299d651349cc6962
apEX,76561197989744167,25,Vitality,8,2,17,6,75,0.470588,54.545456,44.68182,0.363636,0.772727,3.772727,2,-1,0,0,0,3,0,0,983,170,83,2,3,9,6,5,1,0,0,0,0,1,3,9,6,5,1,3,3,3,0,0,5,0,1,0,0,0.514186,0.568792,CSGO-6fpYC-NBRGB-GH5TR-XHd6W-HVGOP,3,0,299d651349cc6962
Wicadia,76561198812513923,39,Team A,18,6,19,11,61,0.947368,75.0,78.458336,0.75,0.791667,5.25,3,-1,0,0,0,0,0,0,1883,259,126,6,4,10,12,5,1,1,2,0,0,5,3,8,12,5,2,1,3,6,0,0,8,5,0,0,0,1.111294,0.917854,CSGO-VcjiB-bTkaR-aK7E8-uAyB6-8PxoO,2,0,ad2b34ad0667c962
XANTARES,76561198044118796,34,Team A,15,2,14,10,66,1.071429,62.5,68.708336,0.625,0.583333,3.333333,2,-1,0,0,0,1,0,0,1649,347,80,7,5,11,13,6,1,1,2,0,0,6,4,9,13,6,3,3,4,3,0,0,6,3,1,0,0,0.975218,1.007973,CSGO-Zwh2K-kGAt3-9txk7-rqbm6-8LhWA,3,0,ad2b34ad0667c962
ZywOo,76561198113666193,49,Team B,20,5,17,10,50,1.176471,87.5,78.416664,0.833333,0.708333,0.0,1,-1,0,0,0,1,0,0,1882,158,0,7,5,11,13,6,1,1,2,0,0,6,4,9,13,6,4,2,2,7,0,2,6,7,0,0,0,1.314696,1.103972,CSGO-d7EsA-xQhXn-rLVbJ-JBrqQ-6eK5O,3,0,ad2b34ad0667c962
flameZ,76561197978835160,43,Team B,18,3,14,8,44,1.285714,66.666672,80.833336,0.75,0.583333,6.25,3,-1,0,0,0,0,1,0,1940,360,150,8,6,12,14,7,2,2,3,1,1,6,4,9,13,6,2,5,2,2,0,1,6,3,2,0,0,1.156628,1.184918,CSGO-6GTQz-fG2FY-HwPO8-TbT3i-vfrVQ,2,0,ad2b34ad0667c962
mezii,76561197973140692,43,Team B,19,6,18,14,73,1.055556,83.333328,87.583336,0.791667,0.75,6.791667,3,-1,0,0,0,0,0,0,2102,324,163,9,7,13,15,8,2,2,3,1,1,7,5,10,14,7,4,2,5,4,0,1,10,1,1,1,0,1.259545,1.107591,CSGO-s5Qbj-nvF89-cJjDd-mRdSG-5Yt4N,4,0,ad2b34ad0667c962
apEX,76561197989744167,24,Team B,8,4,16,2,25,0.5,54.166668,43.166668,0.333333,0.666667,3.458333,3,-1,0,0,0,1,0,0,1036,210,83,6,4,10,12,5,1,1,2,0,0,5,3,8,12,5,0,1,2,1,0,0,6,1,0,0,0,0.544447,0.575285,CSGO-6fpYC-NBRGB-GH5TR-XHd6W-HVGOP,1,0,ad2b34ad0667c962
MAJ3R,76561197967432889,23,Team A,8,6,15,7,87,0.533333,70.833328,51.416668,0.333333,0.625,5.125,1,-1,0,0,0,1,0,0,1234,155,123,6,4,10,12,5,1,1,2,0,0,5,3,8,12,5,1,3,1,3,0,1,4,2,0,0,0,0.72302,0.633532,CSGO-dB2kZ-vRqYD-jr9OB-hqiVw-HvD7K,0,0,ad2b34ad0667c962
ropz,76561197991272318,33,Team B,11,8,17,6,54,0.647059,75.0,51.875,0.458333,0.708333,0.0,1,-1,0,0,0,1,0,0,1245,247,0,5,3,9,11,4,1,1,2,0,0,4,2,7,11,4,2,2,4,4,0,0,6,1,1,0,0,0.826839,0.718153,CSGO-nCfX7-54ue9-aC5eV-6Womf-Q6izO,0,0,ad2b34ad0667c962
jottAAA,76561198410750263,47,Team A,20,4,16,16,80,1.25,75.0,84.166664,0.833333,0.666667,1.166667,5,-1,0,0,0,1,0,0,2020,287,28,6,4,10,12,5,2,2,3,1,1,4,2,7,11,4,3,4,2,5,0,1,7,5,1,0,0,1.259899,1.162219,CSGO-hvZ4i-4S8Mt-3e4vy-xcofo-Kj5BO,4,0,ad2b34ad0667c962
woxic,76561198083485506,51,Team A,21,6,12,11,52,1.75,75.0,85.041664,0.875,0.5,2.916667,2,-1,0,0,0,2,0,0,2041,192,70,7,5,11,13,6,2,2,3,1,1,5,3,8,12,5,3,1,6,2,0,0,9,3,2,0,0,1.395831,1.357509,CSGO-hVyt6-6w7hL-hQyc6-xReeD-3sNkO,1,0,ad2b34ad0667c962
w0nderful,76561199063068840,77,Natus Vincere,34,7,18,13,38,1.888889,86.206894,114.206894,1.172414,0.62069,0.965517,5,-1,0,0,0,0,0,0,3312,296,28,8,8,12,11,10,4,0,0,0,0,4,8,12,11,10,4,2,5,6,0,2,10,7,2,1,0,1.762862,1.669809,CSGO-TpLLK-EJ5vT-aYEpF-VphTW-k8aYO,4,0,e1b5625501404064
jL,76561198176878303,37,Natus Vincere,14,4,18,11,78,0.777778,75.862068,59.827587,0.482759,0.62069,3.137931,2,-1,0,0,0,0,1,0,1735,268,91,7,7,11,10,9,5,1,1,1,1,2,6,10,9,8,2,1,6,6,0,1,8,3,0,0,0,0.906931,0.773569,CSGO-ZiV95-nJPYc-wwwAb-6t3aG-AjaAB,2,0,e1b5625501404064
iM,76561198050250233,71,Natus Vincere,30,4,20,16,53,1.5,75.862068,112.758621,1.034483,0.689655,12.75862,5,-1,0,0,0,1,1,0,3270,397,370,9,9,13,12,11,6,2,2,2,2,3,7,11,10,9,5,2,5,4,0,1,9,4,3,1,0,1.516433,1.498164,CSGO-rsDHb-QDmGE-VikD2-dApWC-kJCEB,3,0,e1b5625501404064
nqz,76561198350342505,38,paiN,14,4,17,1,7,0.823529,79.310349,44.965519,0.482759,0.586207,0.586207,0,-1,0,0,0,2,0,0,1304,115,17,8,8,12,11,10,4,0,0,0,0,4,8,12,11,10,1,4,6,5,0,2,7,2,1,0,0,0.90292,0.841776,CSGO-criDo-VMszw-SWGGh-rrowd-Rf9aC,0,0,e1b5625501404064
Kauez,76561198385657675,41,paiN,12,6,21,10,83,0.571429,75.862068,60.862068,0.413793,0.724138,5.448276,2,-1,0,0,0,3,0,0,1765,324,158,6,6,10,9,8,4,0,0,0,0,2,6,10,9,8,3,1,3,8,0,1,10,1,0,0,0,0.802375,0.591339,CSGO-CUqL5-6bLpJ-bVHm5-wyEOd-2pFKO,4,0,e1b5625501404064
b1t,76561198246607476,50,Natus Vincere,16,8,17,7,43,0.941176,68.965515,59.862068,0.551724,0.586207,3.172414,2,-1,0,0,0,3,0,0,1736,256,92,4,4,8,7,6,4,0,0,0,0,0,4,8,7,6,1,6,3,2,0,1,10,3,0,0,0,0.948423,0.859392,CSGO-543v4-5EKXs-s5J2o-W7GNV-6eK5O,0,0,e1b5625501404064
Aleksib,76561198013243326,28,Natus Vincere,6,12,21,3,50,0.285714,58.620689,35.379311,0.206897,0.724138,2.965517,2,-1,0,0,0,3,0,0,1026,241,86,6,6,10,9,8,4,0,0,0,0,2,6,10,9,8,1,5,0,3,0,1,2,2,0,0,0,0.436752,0.43848,CSGO-SkoGm-N5yir-M8p3V-QyOxC-z2urD,1,0,e1b5625501404064
davideuS,76561198120491311,51,paiN,23,7,22,14,60,1.045455,65.517242,75.551727,0.793103,0.758621,2.0,4,-1,0,0,0,0,1,0,2191,395,58,6,6,10,9,8,4,0,0,0,0,2,6,10,9,8,2,3,7,2,0,0,7,1,2,2,0,1.086776,1.240089,CSGO-96eQM-EXDqv-f7hSv-pkU8n-N4SKF,2,0,e1b5625501404064
snow,76561198377335846,60,paiN,27,4,20,18,66,1.35,68.965515,95.482758,0.931035,0.689655,2.655172,5,-1,0,0,0,1,0,0,2769,436,77,10,10,14,13,12,5,1,1,1,1,5,9,13,12,11,3,2,3,4,0,0,9,6,2,0,0,1.321392,1.271718,CSGO-a7v6E-GC3GN-JfUQj-KqSLV-7T8SA,3,0,e1b5625501404064
biguzera,76561198015308884,40,paiN,18,6,20,9,50,0.9,68.965515,79.551727,0.62069,0.689655,8.206897,2,-1,0,0,0,0,0,0,2307,498,238,5,5,9,8,7,4,0,0,0,0,1,5,9,8,7,7,3,2,5,0,0,10,4,0,0,0,1.009041,0.852409,CSGO-KTaY3-rXci2-9DTXB-aPuKV-MDr7C,1,0,e1b5625501404064
Kauez,76561198385657675,44,paiN,19,2,14,10,52,1.357143,70.0,91.599998,0.95,0.7,3.55,4,-1,0,0,0,1,1,0,1832,363,71,7,11,5,3,7,2,3,0,0,0,5,8,5,3,7,4,1,2,1,0,0,7,0,4,0,0,1.32362,1.387115,CSGO-CUqL5-6bLpJ-bVHm5-wyEOd-2pFKO,3,0,4ccce73468468deb
iM,76561198050250233,33,Natus Vincere,14,3,13,7,50,1.076923,70.0,79.900002,0.7,0.65,5.0,2,-1,0,0,0,0,0,0,1598,179,100,9,13,7,5,9,2,3,0,0,0,7,10,7,5,9,3,1,2,2,0,1,6,4,0,0,0,1.101722,0.987108,CSGO-rsDHb-QDmGE-VikD2-dApWC-kJCEB,0,0,4ccce73468468deb
davideuS,76561198120491311,30,paiN,12,4,12,9,75,1.0,75.0,72.25,0.6,0.6,1.35,2,-1,0,0,0,0,0,0,1445,213,27,6,10,4,2,6,3,4,1,1,1,3,6,3,1,5,1,2,2,2,0,0,6,0,2,0,0,1.058934,1.002458,CSGO-96eQM-EXDqv-f7hSv-pkU8n-N4SKF,2,0,4ccce73468468deb
jL,76561198176878303,24,Natus Vincere,9,5,17,7,77,0.529412,60.000004,62.049999,0.45,0.85,2.75,1,-1,0,0,0,0,0,0,1241,207,55,7,11,5,3,7,2,3,0,0,0,5,8,5,3,7,1,4,0,4,0,0,5,2,0,0,0,0.6589,0.556657,CSGO-ZiV95-nJPYc-wwwAb-6t3aG-AjaAB,2,0,4ccce73468468deb
biguzera,76561198015308884,27,paiN,10,2,12,7,70,0.833333,70.0,53.200001,0.5,0.6,2.0,0,-1,0,0,0,2,0,0,1064,113,40,6,10,4,2,6,3,4,1,1,1,3,6,3,1,5,3,3,2,3,0,0,10,0,0,0,0,0.865078,0.744889,CSGO-XOwR6-tnYzx-sAK5z-75jhw-K5nQD,1,0,4ccce73468468deb
Aleksib,76561198013243326,31,Natus Vincere,7,1,13,1,14,0.538462,60.000004,40.599998,0.35,0.65,5.05,3,-1,0,0,0,5,0,0,812,142,101,6,10,4,2,6,2,3,0,0,0,4,7,4,2,6,0,1,4,1,0,0,5,1,0,0,0,0.590482,0.607675,CSGO-SkoGm-N5yir-M8p3V-QyOxC-z2urD,1,0,4ccce73468468deb
snow,76561198377335846,43,paiN,17,4,10,9,52,1.7,85.0,91.75,0.85,0.5,8.2,4,-1,0,0,0,1,0,0,1835,254,164,6,10,4,2,6,3,4,1,1,1,3,6,3,1,5,0,2,3,3,0,1,2,3,3,0,0,1.463709,1.467136,CSGO-a7v6E-GC3GN-JfUQj-KqSLV-7T8SA,4,0,4ccce73468468deb
nqz,76561198350342505,42,paiN,15,3,12,7,46,1.25,75.0,70.349998,0.75,0.6,5.45,3,-1,0,0,0,1,1,0,1407,81,109,10,14,8,6,10,4,5,2,2,2,6,9,6,4,8,3,1,3,3,0,0,8,2,1,0,0,1.177524,1.098779,CSGO-criDo-VMszw-SWGGh-rrowd-Rf9aC,0,0,4ccce73468468deb
w0nderful,76561199063068840,36,Natus Vincere,16,1,16,12,75,1.0,70.0,81.699997,0.8,0.8,2.5,1,-1,0,0,0,0,0,0,1634,220,50,8,12,6,4,8,2,3,0,0,0,6,9,6,4,8,4,2,2,3,0,1,7,3,1,0,0,1.104018,1.005986,CSGO-TpLLK-EJ5vT-aYEpF-VphTW-k8aYO,3,0,4ccce73468468deb
b1t,76561198246607476,34,Natus Vincere,14,1,14,7,50,1.0,70.0,78.050003,0.7,0.7,4.3,0,-1,0,0,0,1,0,0,1561,267,86,8,12,6,4,8,2,3,0,0,0,6,9,6,4,8,1,3,2,0,0,0,10,2,0,0,0,1.059195,0.888209,CSGO-543v4-5EKXs-s5J2o-W7GNV-6eK5O,4,0,4ccce73468468deb
biguzera,76561198015308884,28,paiN,11,6,18,5,45,0.611111,65.517242,52.310345,0.37931,0.62069,7.758621,2,-1,0,0,0,0,0,0,1517,229,225,10,13,15,16,11,4,3,2,2,2,6,10,13,14,9,0,7,3,6,0,2,5,0,2,0,0,0.724815,0.747145,CSGO-XOwR6-tnYzx-sAK5z-75jhw-K5nQD,1,0,341d802e05c4673
b1t,76561198246607476,50,Natus Vincere,20,4,14,10,50,1.428571,82.758621,69.206894,0.689655,0.482759,3.068965,2,-1,0,0,0,0,0,0,2007,337,89,3,6,8,9,4,2,1,0,0,0,1,5,8,9,4,6,1,3,5,0,0,7,5,1,0,0,1.239621,1.159249,CSGO-543v4-5EKXs-s5J2o-W7GNV-6eK5O,4,0,341d802e05c4673
w0nderful,76561199063068840,42,Natus Vincere,16,4,17,1,6,0.941176,72.413788,53.862068,0.551724,0.586207,0.862069,3,-1,0,0,0,2,0,0,1562,75,25,5,8,10,11,6,2,1,0,0,0,3,7,10,11,6,4,0,3,5,0,0,7,3,1,0,0,0.940654,0.919398,CSGO-TpLLK-EJ5vT-aYEpF-VphTW-k8aYO,3,0,341d802e05c4673
davideuS,76561198120491311,52,paiN,19,6,21,11,57,0.904762,58.620689,78.413795,0.655172,0.724138,6.482759,5,-1,0,0,0,1,0,0,2274,411,188,2,5,7,8,3,2,1,0,0,0,0,4,7,8,3,1,8,5,0,0,0,4,6,1,0,0,0.941311,0.953028,CSGO-96eQM-EXDqv-f7hSv-pkU8n-N4SKF,2,0,341d802e05c4673
Kauez,76561198385657675,37,paiN,15,2,20,11,73,0.75,58.620689,48.655174,0.517241,0.689655,3.034483,0,-1,0,0,0,2,0,0,1411,244,88,4,7,9,10,5,2,1,0,0,0,2,6,9,10,5,3,5,5,3,0,1,9,3,0,0,0,0.731499,0.745976,CSGO-CUqL5-6bLpJ-bVHm5-wyEOd-2pFKO,4,0,341d802e05c4673
snow,76561198377335846,48,paiN,18,7,18,11,61,1.0,79.310349,75.103447,0.62069,0.62069,2.344828,2,-1,0,0,0,1,1,0,2178,454,68,4,7,9,10,5,3,2,1,1,1,1,5,8,9,4,1,1,1,7,0,0,11,2,1,0,0,1.110511,0.928814,CSGO-a7v6E-GC3GN-JfUQj-KqSLV-7T8SA,3,0,341d802e05c4673
nqz,76561198350342505,43,paiN,14,4,18,4,28,0.777778,68.965515,44.758621,0.482759,0.62069,0.862069,4,-1,0,0,0,3,0,0,1298,74,25,5,8,10,11,6,2,1,0,0,0,3,7,10,11,6,2,1,3,2,0,0,10,2,0,0,0,0.808365,0.753567,CSGO-criDo-VMszw-SWGGh-rrowd-Rf9aC,0,0,341d802e05c4673
iM,76561198050250233,52,Natus Vincere,20,6,17,11,55,1.176471,65.517242,78.965515,0.689655,0.586207,3.344828,3,-1,0,0,0,2,0,0,2290,403,97,3,6,8,9,4,2,1,0,0,0,1,5,8,9,4,4,1,4,1,0,0,6,4,2,0,0,1.09673,1.114648,CSGO-rsDHb-QDmGE-VikD2-dApWC-kJCEB,0,0,341d802e05c4673
Aleksib,76561198013243326,55,Natus Vincere,14,10,14,4,28,1.0,79.310349,67.034485,0.482759,0.482759,8.172414,5,-1,0,0,0,6,0,0,1944,217,237,5,8,10,11,6,2,1,0,0,0,3,7,10,11,6,3,2,4,1,0,0,6,1,2,0,0,1.049281,0.966385,CSGO-SkoGm-N5yir-M8p3V-QyOxC-z2urD,1,0,341d802e05c4673
jL,76561198176878303,55,Natus Vincere,25,5,15,14,56,1.666667,75.862068,85.448273,0.862069,0.517241,9.862069,3,-1,0,0,0,0,0,0,2478,363,286,4,7,9,10,5,2,1,0,0,0,2,6,9,10,5,5,3,1,4,0,1,7,9,0,0,0,1.375332,1.2951,CSGO-ZiV95-nJPYc-wwwAb-6t3aG-AjaAB,2,0,341d802e05c4673
XANTARES,76561198044118796,42,Eternal Fire,14,9,20,9,64,0.7,75.0,78.333336,0.583333,0.833333,2.291667,4,-1,0,0,0,1,0,0,1880,323,55,7,9,7,9,4,3,2,0,0,0,4,7,7,9,4,5,2,1,5,0,0,4,5,0,0,0,0.957086,0.744528,CSGO-Zwh2K-kGAt3-9txk7-rqbm6-8LhWA,3,0,bde29716c3d4329a
huNter,76561198012872053,51,G2,20,11,13,8,40,1.538462,91.666672,102.875,0.833333,0.541667,15.666667,1,-1,0,0,0,1,0,0,2469,506,376,9,11,9,11,6,3,2,0,0,0,6,9,9,11,6,0,0,7,4,0,0,9,4,1,0,0,1.537102,1.240281,CSGO-7p8aC-3tTU4-pb8GQ-OP9Kq-qKwLA,1,0,bde29716c3d4329a
jottAAA,76561198410750263,42,Eternal Fire,15,4,15,10,66,1.0,75.0,75.916664,0.625,0.625,3.0,1,-1,0,0,0,2,0,0,1822,290,72,7,9,7,9,4,4,3,1,1,1,3,6,6,8,3,1,0,5,4,0,0,11,2,0,0,0,1.075633,0.877218,CSGO-hvZ4i-4S8Mt-3e4vy-xcofo-Kj5BO,2,0,bde29716c3d4329a
HeavyGod,76561198068002993,41,G2,15,5,13,8,53,1.153846,66.666672,67.875,0.625,0.541667,4.916667,2,-1,0,0,0,2,0,0,1629,229,118,6,8,6,8,3,3,2,0,0,0,3,6,6,8,3,3,3,4,0,0,0,8,2,1,0,0,1.037626,1.017881,CSGO-dE62s-bXOib-X28Yu-zJHtx-hif4D,4,0,bde29716c3d4329a
malbsMd,76561198080703143,43,G2,17,7,20,10,58,0.85,75.0,72.125,0.708333,0.833333,6.416667,3,-1,0,0,0,1,0,0,1731,313,154,6,8,6,8,3,3,2,0,0,0,3,6,6,8,3,6,3,3,8,0,1,7,2,2,0,0,1.03696,0.921473,CSGO-uDwac-fNMzW-mDZGF-yzxYi-yrmHB,3,0,bde29716c3d4329a
woxic,76561198083485506,48,Eternal Fire,15,3,15,4,26,1.0,75.0,49.833332,0.625,0.625,0.041667,3,-1,0,0,0,3,0,0,1196,89,1,9,11,9,11,6,4,3,1,1,1,5,8,8,10,5,0,3,4,2,0,1,8,2,1,0,0,0.988015,0.949726,CSGO-hVyt6-6w7hL-hQyc6-xReeD-3sNkO,1,0,bde29716c3d4329a
m0NESY,76561198074762801,58,G2,25,3,17,6,24,1.470588,83.333328,100.583336,1.041667,0.708333,2.375,2,-1,0,0,0,2,0,0,2414,159,57,9,11,9,11,6,4,3,1,1,1,5,8,8,10,5,3,2,7,6,0,2,7,6,2,0,0,1.52698,1.39888,CSGO-s5Qbj-nvF89-cJjDd-mRdSG-5Yt4N,2,0,bde29716c3d4329a
MAJ3R,76561197967432889,38,Eternal Fire,14,6,16,6,42,0.875,66.666672,72.833336,0.583333,0.666667,8.833333,3,-1,0,0,0,0,2,0,1748,455,212,10,12,10,12,7,4,3,1,1,1,6,9,9,11,6,3,2,5,1,0,0,6,4,0,0,0,0.955017,0.856667,CSGO-dB2kZ-vRqYD-jr9OB-hqiVw-HvD7K,4,0,bde29716c3d4329a
Wicadia,76561198812513923,48,Eternal Fire,20,6,19,10,50,1.052632,66.666672,81.041664,0.833333,0.791667,4.666667,2,-1,0,0,0,0,0,0,1945,297,112,7,9,7,9,4,4,3,1,1,1,3,6,6,8,3,2,6,1,4,0,2,5,6,1,0,0,1.130755,1.084156,CSGO-6DiBa-GOxXO-9kDJn-N8SUC-x6izO,0,0,bde29716c3d4329a
Snax,76561197982141573,30,G2,8,3,15,1,12,0.533333,70.833328,43.25,0.333333,0.625,1.416667,3,-1,0,0,0,3,0,0,1038,154,34,6,8,6,8,3,3,2,0,0,0,3,6,6,8,3,1,3,0,5,0,0,2,3,0,0,0,0.684434,0.657701,CSGO-OFKZZ-mZp9n-KXx4x-2SmEp-jcYHK,0,0,bde29716c3d4329a
HeavyGod,76561198068002993,35,G2,12,5,15,12,100,0.8,72.727272,65.318184,0.545455,0.681818,0.045455,4,-1,0,0,0,1,1,0,1437,341,1,3,3,9,7,3,2,0,0,0,0,1,3,9,7,3,4,2,0,5,0,1,4,4,0,0,0,0.932132,0.821417,CSGO-dE62s-bXOib-X28Yu-zJHtx-hif4D,4,0,3e8f1122a4f9f6e8
Snax,76561197982141573,14,G2,4,6,14,3,75,0.285714,68.181816,43.045456,0.181818,0.636364,6.5,0,-1,0,0,0,0,0,0,947,112,143,4,4,10,8,4,2,0,0,0,0,2,4,10,8,4,2,2,1,2,0,0,4,0,0,0,0,0.542125,0.449309,CSGO-OFKZZ-mZp9n-KXx4x-2SmEp-jcYHK,0,0,3e8f1122a4f9f6e8
MAJ3R,76561197967432889,29,Eternal Fire,9,7,11,7,77,0.818182,72.727272,58.090908,0.409091,0.5,4.363636,2,-1,0,0,0,1,0,0,1278,236,96,4,4,10,8,4,2,0,0,0,0,2,4,10,8,4,1,1,0,2,0,0,4,1,1,0,0,0.897089,0.856186,CSGO-sueKV-WM8YR-HZ9MS-N7k4K-8MeFO,4,0,3e8f1122a4f9f6e8
m0NESY,76561198074762801,31,G2,13,4,14,6,46,0.928571,77.272728,61.18182,0.590909,0.636364,1.636364,0,-1,0,0,0,0,0,0,1346,134,36,6,6,12,10,6,2,0,0,0,0,4,6,12,10,6,2,1,3,2,0,1,1,6,0,0,0,1.01106,0.949302,CSGO-s5Qbj-nvF89-cJjDd-mRdSG-5Yt4N,1,0,3e8f1122a4f9f6e8
malbsMd,76561198080703143,55,G2,23,3,12,18,78,1.916667,81.818184,97.545456,1.045455,0.545455,2.681818,6,-1,0,0,0,1,1,0,2146,378,59,3,3,9,7,3,3,1,1,1,1,0,2,8,6,2,3,1,4,4,0,0,5,2,2,2,0,1.597403,1.772555,CSGO-uDwac-fNMzW-mDZGF-yzxYi-yrmHB,3,0,3e8f1122a4f9f6e8
jottAAA,76561198410750263,40,Eternal Fire,13,8,18,10,76,0.722222,72.727272,78.818184,0.590909,0.818182,4.772727,1,-1,0,0,0,2,0,0,1734,221,105,4,4,10,8,4,2,0,0,0,0,2,4,10,8,4,2,4,4,5,0,1,5,4,0,0,0,0.955537,0.747869,CSGO-hvZ4i-4S8Mt-3e4vy-xcofo-Kj5BO,1,0,3e8f1122a4f9f6e8
huNter,76561198012872053,49,G2,17,5,11,9,52,1.545455,86.36364,73.409088,0.772727,0.5,6.863636,3,-1,0,0,0,2,1,0,1615,273,151,4,4,10,8,4,3,1,1,1,1,1,3,9,7,3,3,2,4,3,0,0,5,4,0,1,0,1.3509,1.318202,CSGO-7p8aC-3tTU4-pb8GQ-OP9Kq-qKwLA,2,0,3e8f1122a4f9f6e8
Wicadia,76561198812513923,44,Eternal Fire,16,2,13,11,68,1.230769,81.818184,69.727272,0.727273,0.590909,3.5,2,-1,0,0,0,3,0,0,1534,303,77,5,5,11,9,5,2,0,0,0,0,3,5,11,9,5,1,3,4,3,0,2,5,4,1,0,0,1.204617,1.126775,CSGO-Nj45A-Bd7s3-ATByW-8SOOO-kTJGG,2,0,3e8f1122a4f9f6e8
woxic,76561198083485506,39,Eternal Fire,17,4,13,6,35,1.307692,81.818184,73.36364,0.772727,0.590909,5.136364,3,-1,0,0,0,1,0,0,1614,124,113,5,5,11,9,5,2,0,0,0,0,3,5,11,9,5,2,1,6,1,0,0,6,2,1,1,0,1.264598,1.270218,CSGO-hVyt6-6w7hL-hQyc6-xReeD-3sNkO,0,0,3e8f1122a4f9f6e8
XANTARES,76561198044118796,30,Eternal Fire,11,9,14,9,81,0.785714,72.727272,64.681816,0.5,0.636364,0.863636,1,-1,0,0,0,0,0,0,1423,155,19,2,2,8,6,2,2,0,0,0,0,0,2,8,6,2,2,5,0,6,0,3,7,2,0,0,0,0.933144,0.767882,CSGO-Zwh2K-kGAt3-9txk7-rqbm6-8LhWA,3,0,3e8f1122a4f9f6e8
malbsMd,76561198080703143,31,Eternal Fire,13,6,20,7,53,0.65,66.666672,55.875,0.541667,0.833333,4.041667,2,-1,0,0,0,0,0,0,1341,171,97,4,5,10,8,4,1,1,0,0,0,3,4,10,8,4,1,6,2,5,0,1,6,2,1,0,0,0.775919,0.709716,CSGO-uDwac-fNMzW-mDZGF-yzxYi-yrmHB,3,0,40d4c1527dc406f0
woxic,76561198083485506,43,G2,17,4,13,5,29,1.307692,83.333328,82.041664,0.708333,0.541667,0.0,1,-1,0,0,0,0,1,0,1969,209,0,9,10,15,13,9,1,1,0,0,0,8,9,15,13,9,3,0,1,4,0,0,10,0,1,1,0,1.272502,1.184183,CSGO-hVyt6-6w7hL-hQyc6-xReeD-3sNkO,2,0,40d4c1527dc406f0
XANTARES,76561198044118796,42,G2,19,4,18,12,63,1.055556,66.666672,86.166664,0.791667,0.75,1.791667,3,-1,0,0,0,0,1,0,2068,230,43,4,5,10,8,4,1,1,0,0,0,3,4,10,8,4,4,6,3,4,0,2,8,4,1,0,0,1.125043,1.035083,CSGO-Zwh2K-kGAt3-9txk7-rqbm6-8LhWA,3,0,40d4c1527dc406f0
m0NESY,76561198074762801,50,Eternal Fire,20,3,20,8,40,1.0,70.833328,81.708336,0.833333,0.833333,3.125,3,-1,0,0,0,3,1,0,1961,245,75,7,8,13,11,7,2,2,1,1,1,5,6,12,10,6,5,1,5,3,0,1,10,3,0,1,0,1.128648,1.050079,CSGO-s5Qbj-nvF89-cJjDd-mRdSG-5Yt4N,2,0,40d4c1527dc406f0
huNter,76561198012872053,46,Eternal Fire,17,4,16,8,47,1.0625,79.166672,75.583336,0.708333,0.666667,4.416667,2,-1,0,0,0,3,0,0,1814,247,106,7,8,13,11,7,2,2,1,1,1,5,6,12,10,6,4,2,6,2,0,1,13,2,0,0,0,1.154807,0.912766,CSGO-7p8aC-3tTU4-pb8GQ-OP9Kq-qKwLA,1,0,40d4c1527dc406f0
MAJ3R,76561197967432889,45,G2,16,7,14,9,56,1.142857,70.833328,82.458336,0.666667,0.583333,3.708333,3,-1,0,0,0,2,1,0,1979,353,89,4,5,10,8,4,1,1,0,0,0,3,4,10,8,4,1,3,4,1,0,0,8,4,0,0,0,1.136821,0.994446,CSGO-dB2kZ-vRqYD-jr9OB-hqiVw-HvD7K,1,0,40d4c1527dc406f0
Snax,76561197982141573,32,Eternal Fire,11,6,17,6,54,0.647059,75.0,56.041668,0.458333,0.708333,8.708333,2,-1,0,0,0,1,0,0,1345,282,209,7,8,13,11,7,1,1,0,0,0,6,7,13,11,7,0,0,0,6,0,0,7,2,0,0,0,0.831871,0.669815,CSGO-OFKZZ-mZp9n-KXx4x-2SmEp-jcYHK,4,0,40d4c1527dc406f0
jottAAA,76561198410750263,48,G2,20,5,16,10,50,1.25,83.333328,79.541664,0.833333,0.666667,1.708333,4,-1,0,0,0,1,1,0,1909,245,41,5,6,11,9,5,1,1,0,0,0,4,5,11,9,5,2,1,3,4,0,1,9,4,1,0,0,1.310083,1.138049,CSGO-hvZ4i-4S8Mt-3e4vy-xcofo-Kj5BO,4,0,40d4c1527dc406f0
Wicadia,76561198812513923,50,G2,19,6,15,8,42,1.266667,83.333328,78.041664,0.791667,0.625,3.166667,2,-1,0,0,0,4,0,0,1873,328,76,3,4,9,7,3,1,1,0,0,0,2,3,9,7,3,2,2,4,4,0,1,7,6,0,0,0,1.295624,1.113145,CSGO-Nj45A-Bd7s3-ATByW-8SOOO-kTJGG,0,0,40d4c1527dc406f0
HeavyGod,76561198068002993,46,Eternal Fire,15,9,18,10,66,0.833333,70.833328,83.041664,0.625,0.75,0.0,1,-1,0,0,0,2,0,0,1993,337,0,6,7,12,10,6,1,1,0,0,0,5,6,12,10,6,2,3,1,1,0,0,8,1,0,0,1,1.022159,0.99251,CSGO-dE62s-bXOib-X28Yu-zJHtx-hif4D,0,0,40d4c1527dc406f0
Aleksib,76561198013243326,24,Natus Vincere,5,0,16,1,20,0.3125,45.454548,28.90909,0.227273,0.727273,2.136364,3,-1,0,0,0,3,1,0,636,72,47,4,5,8,10,4,0,1,0,0,0,4,4,8,10,4,2,0,2,3,0,0,1,2,0,0,0,0.294652,0.465669,CSGO-SkoGm-N5yir-M8p3V-QyOxC-z2urD,3,0,79792497772f19cb
iM,76561198050250233,32,Natus Vincere,13,4,16,9,69,0.8125,59.090908,66.590912,0.590909,0.727273,0.772727,2,-1,0,0,0,0,0,0,1465,174,17,2,3,6,8,2,0,1,0,0,0,2,2,6,8,2,5,6,2,3,0,1,6,1,0,0,1,0.847196,1.006785,CSGO-rsDHb-QDmGE-VikD2-dApWC-kJCEB,0,0,79792497772f19cb
chopper,76561198045898864,39,Team Spirit,13,3,14,7,53,0.928571,72.727272,65.272728,0.590909,0.636364,3.863636,4,-1,0,0,0,4,0,0,1436,241,85,4,5,8,10,4,0,1,0,0,0,4,4,8,10,4,3,1,0,4,0,1,7,3,0,0,0,0.986441,0.870203,CSGO-DDMKA-7f8Le-z3na4-y3N5v-BWRZQ,0,0,79792497772f19cb
zont1x,76561198995880877,21,Team Spirit,9,4,12,3,33,0.75,72.727272,46.31818,0.409091,0.545455,4.045455,1,-1,0,0,0,0,0,0,1019,192,89,4,5,8,10,4,0,1,0,0,0,4,4,8,10,4,3,3,0,1,0,1,3,3,0,0,0,0.821608,0.792644,CSGO-YRxPX-pKo3w-qZ2eU-GFa9n-biaAB,3,0,79792497772f19cb
magixx,76561199063238565,44,Team Spirit,14,6,11,7,50,1.272727,90.909096,72.0,0.636364,0.5,6.318182,2,-1,0,0,0,3,0,0,1584,239,139,4,5,8,10,4,0,1,0,0,0,4,4,8,10,4,1,2,2,2,0,0,5,3,1,0,0,1.266237,1.098805,CSGO-9vKLy-OAOok-Yrj2D-6t3oQ-7T8SA,1,0,79792497772f19cb
w0nderful,76561199063068840,37,Natus Vincere,13,4,13,4,30,1.0,63.636364,60.863636,0.590909,0.590909,3.409091,2,-1,0,0,0,1,0,0,1339,152,75,6,7,10,12,6,1,2,1,1,1,5,5,9,11,5,1,3,1,2,0,0,5,4,0,0,0,0.934719,0.933744,CSGO-TpLLK-EJ5vT-aYEpF-VphTW-k8aYO,4,0,79792497772f19cb
b1t,76561198246607476,32,Natus Vincere,12,5,16,7,58,0.75,77.272728,71.63636,0.545455,0.727273,0.863636,1,-1,0,0,0,0,0,0,1576,364,19,4,5,8,10,4,0,1,0,0,0,4,4,8,10,4,2,1,2,4,0,0,8,2,0,0,0,0.961309,0.731509,CSGO-543v4-5EKXs-s5J2o-W7GNV-6eK5O,1,0,79792497772f19cb
sh1ro,76561198081484775,31,Team Spirit,11,6,8,4,36,1.375,90.909096,54.727272,0.5,0.363636,4.409091,1,-1,0,0,0,1,0,0,1204,69,97,4,5,8,10,4,0,1,0,0,0,4,4,8,10,4,1,4,3,2,0,1,9,1,0,0,0,1.165768,0.964566,CSGO-9vc2t-THGUY-Sf8QP-hMYOK-HzQRO,4,0,79792497772f19cb
jL,76561198176878303,36,Natus Vincere,15,5,14,10,66,1.071429,81.818184,74.63636,0.681818,0.636364,5.818182,1,-1,0,0,0,0,0,0,1642,353,128,7,8,11,13,7,0,1,0,0,0,7,7,11,13,7,1,1,4,2,0,0,5,5,0,0,0,1.170401,0.99889,CSGO-ZiV95-nJPYc-wwwAb-6t3aG-AjaAB,2,0,79792497772f19cb
donk,76561198386265483,65,Team Spirit,28,5,13,20,71,2.153846,81.818184,129.318176,1.272727,0.590909,0.363636,5,-1,0,0,0,0,0,0,2845,257,8,2,3,6,8,2,0,1,0,0,0,2,2,6,8,2,3,1,6,2,0,0,10,4,2,1,0,1.880349,1.819799,CSGO-ROuMV-fDCu4-DHBSh-5XqtK-LtDmQ,2,0,79792497772f19cb
jL,76561198176878303,59,Natus Vincere,24,11,28,13,54,0.857143,78.571426,62.166668,0.571429,0.666667,2.404762,4,-1,0,0,0,1,0,0,2611,453,101,3,10,14,14,6,2,1,1,1,1,1,9,13,13,5,2,4,6,7,0,0,10,4,2,0,0,0.998684,0.888154,CSGO-qMHTL-QUbnP-BHbFO-JbGF6-rQNMB,2,0,cf562d2195118fe
magixx,76561199063238565,56,Team Spirit,21,10,28,14,66,0.75,69.047615,69.238098,0.5,0.666667,4.523809,4,-1,0,0,0,0,1,0,2908,661,190,6,13,17,17,9,1,0,0,0,0,5,13,17,17,9,1,4,2,6,0,1,8,5,1,0,0,0.887679,0.800854,CSGO-9vKLy-OAOok-Yrj2D-6t3oQ-7T8SA,1,0,cf562d2195118fe
donk,76561198386265483,81,Team Spirit,34,11,31,19,55,1.096774,85.714287,80.904762,0.809524,0.738095,3.547619,2,-1,0,0,0,0,0,0,3398,521,149,1,8,12,12,4,1,0,0,0,0,0,8,12,12,4,9,11,9,13,0,6,17,7,1,0,0,1.278519,1.028664,CSGO-9Xqnn-EfrJy-eq2pc-M8Yxa-zqLDR,2,0,cf562d2195118fe
zont1x,76561198995880877,61,Team Spirit,20,15,29,7,35,0.689655,71.428574,64.595238,0.47619,0.690476,12.404762,4,-1,0,0,0,1,1,0,2713,539,521,5,12,16,16,8,1,0,0,0,0,4,12,16,16,8,2,3,5,7,0,2,9,4,1,0,0,0.868795,0.747677,CSGO-YRxPX-pKo3w-qZ2eU-GFa9n-biaAB,3,0,cf562d2195118fe
b1t,76561198246607476,99,Natus Vincere,36,9,25,25,69,1.44,85.714287,88.64286,0.857143,0.595238,1.428571,8,-1,0,0,0,6,0,0,3723,605,60,5,12,16,16,8,1,0,0,0,0,4,12,16,16,8,9,3,12,8,0,1,18,6,2,0,0,1.415825,1.212907,CSGO-543v4-5EKXs-s5J2o-W7GNV-6eK5O,4,0,cf562d2195118fe
w0nderful,76561199063068840,50,Natus Vincere,22,9,29,8,36,0.758621,66.666672,60.809525,0.52381,0.690476,3.285714,1,-1,0,0,0,0,0,0,2554,297,138,6,13,17,17,9,1,0,0,0,0,5,13,17,17,9,2,2,3,5,0,1,16,3,0,0,0,0.848846,0.732219,CSGO-TpLLK-EJ5vT-aYEpF-VphTW-k8aYO,3,0,cf562d2195118fe
Aleksib,76561198013243326,74,Natus Vincere,27,13,28,8,29,0.964286,76.190475,69.880951,0.642857,0.666667,6.333333,4,-1,0,0,0,4,1,0,2935,502,266,3,10,14,14,6,1,0,0,0,0,2,10,14,14,6,5,4,7,8,0,1,14,5,1,0,0,1.072471,0.92021,CSGO-SkoGm-N5yir-M8p3V-QyOxC-z2urD,1,0,cf562d2195118fe
iM,76561198050250233,60,Natus Vincere,26,7,29,12,46,0.896552,73.809525,72.476189,0.619048,0.690476,3.452381,3,-1,0,0,0,0,0,0,3044,457,145,6,13,17,17,9,1,0,0,0,0,5,13,17,17,9,5,6,6,10,0,4,13,5,1,0,0,1.015896,0.880845,CSGO-rsDHb-QDmGE-VikD2-dApWC-kJCEB,0,0,cf562d2195118fe
sh1ro,76561198081484775,90,Team Spirit,35,8,23,8,22,1.521739,78.571426,73.761902,0.833333,0.547619,5.928571,5,-1,0,0,0,3,1,0,3098,356,249,9,16,20,20,12,1,0,0,0,0,8,16,20,20,12,2,1,10,2,0,0,12,10,1,0,0,1.318487,1.245771,CSGO-9vc2t-THGUY-Sf8QP-hMYOK-HzQRO,4,0,cf562d2195118fe
chopper,76561198045898864,92,Team Spirit,29,9,24,16,55,1.208333,78.571426,70.690475,0.690476,0.571429,3.214286,7,-1,0,0,0,5,1,0,2969,574,135,3,10,14,14,6,1,0,0,0,0,2,10,14,14,6,5,4,5,5,0,2,16,5,1,0,0,1.174866,1.037887,CSGO-DDMKA-7f8Le-z3na4-y3N5v-BWRZQ,0,0,cf562d2195118fe
MAJ3R,76561197967432889,41,Eternal Fire,15,11,25,8,53,0.6,63.333332,66.800003,0.5,0.833333,4.0,3,-1,0,0,0,1,0,0,2004,321,120,5,10,10,11,5,0,3,0,0,0,5,7,10,11,5,4,4,3,6,0,0,10,1,1,0,0,0.762155,0.631398,CSGO-sueKV-WM8YR-HZ9MS-N7k4K-8MeFO,1,0,59e5b2c76e05bce0
sh1ro,76561198081484775,65,Team Spirit,23,7,16,5,21,1.4375,86.666664,79.400002,0.766667,0.533333,4.3,4,-1,0,0,0,3,2,0,2382,301,129,10,15,15,16,10,1,4,1,1,1,9,11,14,15,9,2,0,8,1,0,0,11,5,1,0,0,1.349885,1.186563,CSGO-9vc2t-THGUY-Sf8QP-hMYOK-HzQRO,4,0,59e5b2c76e05bce0
Wicadia,76561198812513923,49,Eternal Fire,20,4,22,10,50,0.909091,56.666668,65.866669,0.666667,0.733333,6.6,4,-1,0,0,0,2,0,0,1976,369,198,4,9,9,10,4,0,3,0,0,0,4,6,9,10,4,2,5,3,3,0,1,6,4,2,0,0,0.884602,0.968446,CSGO-6pOpF-xdjGY-EF69i-LRLJ6-OAtKG,2,0,59e5b2c76e05bce0
donk,76561198386265483,43,Team Spirit,16,7,24,9,56,0.666667,76.666664,58.666668,0.533333,0.8,3.533333,2,-1,0,0,0,1,0,0,1760,306,106,5,10,10,11,5,0,3,0,0,0,5,7,10,11,5,2,2,5,8,0,2,9,2,1,0,0,0.866753,0.705846,CSGO-EvvTA-D6U88-mXTHk-acm3G-bkMHA,2,0,59e5b2c76e05bce0
chopper,76561198045898864,49,Team Spirit,18,5,23,12,66,0.782609,70.0,60.599998,0.6,0.766667,1.566667,1,-1,0,0,0,2,0,0,1818,417,47,3,8,8,9,3,0,3,0,0,0,3,5,8,9,3,5,5,3,6,0,2,9,3,1,0,0,0.893017,0.808143,CSGO-DDMKA-7f8Le-z3na4-y3N5v-BWRZQ,0,0,59e5b2c76e05bce0
magixx,76561199063238565,48,Team Spirit,18,6,19,7,38,0.947368,70.0,75.400002,0.6,0.633333,10.033334,4,-1,0,0,0,0,1,0,2262,294,301,9,14,14,15,9,0,3,0,0,0,9,11,14,15,9,0,3,3,4,0,2,8,2,2,0,0,1.014751,0.95586,CSGO-9vKLy-OAOok-Yrj2D-6t3oQ-7T8SA,1,0,59e5b2c76e05bce0
zont1x,76561198995880877,55,Team Spirit,24,9,22,7,29,1.090909,76.666664,89.599998,0.8,0.733333,10.9,3,-1,0,0,0,0,0,0,2688,481,327,5,10,10,11,5,0,3,0,0,0,5,7,10,11,5,6,5,3,8,0,2,9,4,1,1,0,1.238397,1.137852,CSGO-YRxPX-pKo3w-qZ2eU-GFa9n-biaAB,3,0,59e5b2c76e05bce0
woxic,76561198083485506,61,Eternal Fire,25,6,11,10,40,2.272727,86.666664,80.800003,0.833333,0.366667,6.533333,2,-1,0,0,0,1,1,0,2424,262,196,9,14,14,15,9,2,5,2,2,2,7,9,12,13,7,1,1,3,1,0,0,12,5,1,0,0,1.497483,1.368904,CSGO-hVyt6-6w7hL-hQyc6-xReeD-3sNkO,0,0,59e5b2c76e05bce0
jottAAA,76561198410750263,62,Eternal Fire,20,7,21,13,65,0.952381,66.666672,70.566666,0.666667,0.7,3.633333,4,-1,0,0,0,4,1,0,2117,400,109,6,11,11,12,6,0,3,0,0,0,6,8,11,12,6,2,1,5,1,0,0,12,4,0,0,0,1.000368,0.879695,CSGO-hvZ4i-4S8Mt-3e4vy-xcofo-Kj5BO,4,0,59e5b2c76e05bce0
XANTARES,76561198044118796,61,Eternal Fire,23,10,21,14,60,1.095238,76.666664,94.76667,0.766667,0.7,1.333333,3,-1,0,0,0,0,1,0,2843,397,40,5,10,10,11,5,0,3,0,0,0,5,7,10,11,5,6,4,3,7,0,1,8,4,1,1,0,1.247204,1.137264,CSGO-Zwh2K-kGAt3-9txk7-rqbm6-8LhWA,3,0,59e5b2c76e05bce0
sh1ro,76561198081484775,45,Team Spirit,15,7,8,7,46,1.875,89.473686,96.210526,0.789474,0.421053,1.0,2,-1,0,0,0,2,0,0,1828,242,19,3,5,4,4,5,2,2,0,0,0,1,3,4,4,5,4,1,2,3,0,0,5,2,2,0,0,1.517175,1.377333,CSGO-9vc2t-THGUY-Sf8QP-hMYOK-HzQRO,4,0,2a4c3f36d8d46afa
chopper,76561198045898864,47,Team Spirit,16,6,8,7,43,2.0,68.421051,72.157898,0.842105,0.421053,1.631579,5,-1,0,0,0,2,1,0,1371,245,31,5,7,6,6,7,3,3,1,1,1,2,4,5,5,6,1,1,5,1,0,0,3,5,1,0,0,1.32677,1.421306,CSGO-DDMKA-7f8Le-z3na4-y3N5v-BWRZQ,0,0,2a4c3f36d8d46afa
MAJ3R,76561197967432889,38,Eternal Fire,13,5,15,6,46,0.866667,63.15789,90.894737,0.684211,0.789474,3.894737,2,-1,0,0,0,2,0,0,1727,222,74,8,10,9,9,10,3,3,1,1,1,5,7,8,8,9,1,1,2,3,0,0,4,3,1,0,0,1.010258,0.927013,CSGO-sueKV-WM8YR-HZ9MS-N7k4K-8MeFO,1,0,2a4c3f36d8d46afa
woxic,76561198083485506,27,Eternal Fire,10,3,15,5,50,0.666667,52.63158,51.526318,0.526316,0.789474,0.0,1,-1,0,0,0,1,0,0,979,154,0,5,7,6,6,7,3,3,1,1,1,2,4,5,5,6,0,4,1,2,0,1,3,2,1,0,0,0.660476,0.764562,CSGO-hVyt6-6w7hL-hQyc6-xReeD-3sNkO,2,0,2a4c3f36d8d46afa
jottAAA,76561198410750263,23,Eternal Fire,9,0,15,3,33,0.6,52.63158,55.684212,0.473684,0.789474,0.315789,1,-1,0,0,0,2,0,0,1058,211,6,5,7,6,6,7,2,2,0,0,0,3,5,6,6,7,0,2,4,2,0,1,3,3,0,0,0,0.61256,0.65953,CSGO-hvZ4i-4S8Mt-3e4vy-xcofo-Kj5BO,4,0,2a4c3f36d8d46afa
zont1x,76561198995880877,36,Team Spirit,15,4,13,5,33,1.153846,73.684212,69.052635,0.789474,0.684211,4.31579,2,-1,0,0,0,0,1,0,1312,272,82,4,6,5,5,6,3,3,1,1,1,1,3,4,4,5,3,2,1,3,0,0,6,3,1,0,0,1.159039,1.101049,CSGO-YRxPX-pKo3w-qZ2eU-GFa9n-biaAB,3,0,2a4c3f36d8d46afa
Wicadia,76561198812513923,30,Eternal Fire,13,4,14,5,38,0.928571,78.947372,90.052635,0.684211,0.736842,2.315789,1,-1,0,0,0,0,0,0,1711,222,44,5,7,6,6,7,2,2,0,0,0,3,5,6,6,7,1,3,0,1,0,0,6,2,1,0,0,1.14563,0.939528,CSGO-doKzy-wm9tc-QT4MH-iUsEY-ysjjD,0,0,2a4c3f36d8d46afa
magixx,76561199063238565,27,Team Spirit,10,2,14,5,50,0.714286,68.421051,69.0,0.526316,0.736842,0.631579,1,-1,0,0,0,1,0,0,1311,139,12,5,7,6,6,7,2,2,0,0,0,3,5,6,6,7,1,1,0,5,0,0,6,2,0,0,0,0.854459,0.716018,CSGO-9vKLy-OAOok-Yrj2D-6t3oQ-7T8SA,1,0,2a4c3f36d8d46afa
XANTARES,76561198044118796,30,Eternal Fire,12,4,14,9,75,0.857143,68.421051,65.736839,0.631579,0.736842,2.315789,1,-1,0,0,0,1,0,0,1249,116,44,6,8,7,7,8,2,2,0,0,0,4,6,7,7,8,3,4,2,2,0,2,3,3,1,0,0,0.945486,0.926084,CSGO-Zwh2K-kGAt3-9txk7-rqbm6-8LhWA,3,0,2a4c3f36d8d46afa
donk,76561198386265483,48,Team Spirit,17,6,14,13,76,1.214286,73.684212,101.789474,0.894737,0.736842,4.736842,3,-1,0,0,0,2,0,0,1934,302,90,5,7,6,6,7,2,2,0,0,0,3,5,6,6,7,5,0,3,1,0,0,8,3,1,0,0,1.337219,1.145951,CSGO-RFZQJ-A3iDL-bDnkZ-qEDVv-JTDND,2,0,2a4c3f36d8d46afa
jottAAA,76561198410750263,32,Eternal Fire,11,5,12,7,63,0.916667,81.25,75.8125,0.6875,0.75,0.4375,2,-1,0,0,0,2,0,0,1213,170,7,4,9,6,7,5,1,0,0,0,0,3,9,6,7,5,0,1,6,4,0,0,4,2,1,0,0,1.122862,0.960136,CSGO-c3rzU-kGyBy-snwX9-ABeaa-qat4N,2,0,d8b7e0bddd1b3eb3
sh1ro,76561198081484775,36,Team Spirit,15,2,6,4,26,2.5,87.5,88.6875,0.9375,0.375,8.3125,4,-1,0,0,0,0,2,0,1419,90,133,3,8,5,6,4,1,0,0,0,0,2,8,5,6,4,3,0,4,2,0,0,7,2,0,1,0,1.606929,1.584467,CSGO-9vc2t-THGUY-Sf8QP-hMYOK-HzQRO,4,0,d8b7e0bddd1b3eb3
XANTARES,76561198044118796,19,Eternal Fire,8,3,14,5,62,0.571429,56.25,59.75,0.5,0.875,0.0,1,-1,0,0,0,0,0,0,956,97,0,5,10,7,8,6,1,0,0,0,0,4,10,7,8,6,2,3,2,3,0,1,4,2,0,0,0,0.647833,0.592488,CSGO-Zwh2K-kGAt3-9txk7-rqbm6-8LhWA,3,0,d8b7e0bddd1b3eb3
MAJ3R,76561197967432889,5,Eternal Fire,2,3,15,0,0,0.133333,50.0,27.8125,0.125,0.9375,6.5625,0,-1,0,0,0,0,0,0,445,59,105,4,9,6,7,5,1,0,0,0,0,3,9,6,7,5,0,3,2,5,0,2,0,1,0,0,0,0.142576,0.191807,CSGO-dB2kZ-vRqYD-jr9OB-hqiVw-HvD7K,4,0,d8b7e0bddd1b3eb3
Wicadia,76561198812513923,27,Eternal Fire,11,4,13,6,54,0.846154,75.0,73.375,0.6875,0.8125,3.4375,0,-1,0,0,0,0,0,0,1174,232,55,1,6,3,4,2,1,0,0,0,0,0,6,3,4,2,2,4,2,3,0,1,5,3,0,0,0,1.029904,0.836513,CSGO-doKzy-wm9tc-QT4MH-iUsEY-ysjjD,0,0,d8b7e0bddd1b3eb3
zont1x,76561198995880877,34,Team Spirit,12,6,7,3,25,1.714286,87.5,86.75,0.75,0.4375,11.5625,5,-1,0,0,0,1,0,0,1388,421,185,2,7,4,5,3,2,1,1,1,1,0,6,3,4,2,1,0,2,2,0,0,6,3,0,0,0,1.430265,1.195426,CSGO-YRxPX-pKo3w-qZ2eU-GFa9n-biaAB,3,0,d8b7e0bddd1b3eb3
chopper,76561198045898864,22,Team Spirit,11,3,13,6,54,0.846154,81.25,70.75,0.6875,0.8125,9.25,0,-1,0,0,0,1,0,0,1132,194,148,1,6,3,4,2,1,0,0,0,0,0,6,3,4,2,2,2,3,6,0,0,5,3,0,0,0,1.060902,0.836513,CSGO-DDMKA-7f8Le-z3na4-y3N5v-BWRZQ,0,0,d8b7e0bddd1b3eb3
donk,76561198386265483,50,Team Spirit,22,6,7,11,50,3.142857,93.75,129.875,1.375,0.4375,8.375,4,-1,0,0,0,0,0,0,2078,294,134,1,6,3,4,2,1,0,0,0,0,0,6,3,4,2,4,0,5,3,0,0,8,2,2,1,0,2.1541,2.116405,CSGO-XvcUp-YOXaj-VCR3B-teyfH-86eyC,2,0,d8b7e0bddd1b3eb3
magixx,76561199063238565,23,Team Spirit,8,7,9,5,62,0.888889,87.5,68.25,0.5,0.5625,9.4375,0,-1,0,0,0,0,0,0,1092,254,151,2,7,4,5,3,1,0,0,0,0,1,7,4,5,3,1,3,1,3,0,3,6,1,0,0,0,1.094595,0.811812,CSGO-9vKLy-OAOok-Yrj2D-6t3oQ-7T8SA,1,0,d8b7e0bddd1b3eb3
woxic,76561198083485506,25,Eternal Fire,10,5,14,3,30,0.714286,81.25,66.5625,0.625,0.875,0.0,0,-1,0,0,0,1,0,0,1065,87,0,3,8,5,6,4,1,0,0,0,0,2,8,5,6,4,1,0,1,4,0,0,6,2,0,0,0,0.972628,0.696925,CSGO-hVyt6-6w7hL-hQyc6-xReeD-3sNkO,1,0,d8b7e0bddd1b3eb3
MAJ3R,76561197967432889,21,Eternal Fire,7,4,16,5,71,0.4375,61.904762,46.619049,0.333333,0.761905,1.428571,0,-1,0,0,0,1,0,0,979,193,30,6,7,7,9,6,2,1,1,0,0,4,6,6,9,6,0,1,1,2,0,0,5,1,0,0,0,0.563603,0.500848,CSGO-dB2kZ-vRqYD-jr9OB-hqiVw-HvD7K,2,0,9cb48de6a17ebe1
XANTARES,76561198044118796,30,Eternal Fire,13,4,17,12,92,0.764706,71.428574,77.761902,0.619048,0.809524,1.761905,2,-1,0,0,0,0,0,0,1633,260,37,7,8,8,10,7,2,1,1,0,0,5,7,7,10,7,5,5,3,3,0,1,5,4,0,0,0,0.954361,0.783481,CSGO-Zwh2K-kGAt3-9txk7-rqbm6-8LhWA,3,0,9cb48de6a17ebe1
sh1ro,76561198081484775,54,Team Spirit,24,1,8,11,45,3.0,85.714287,99.761902,1.142857,0.380952,1.857143,4,-1,0,0,0,1,0,0,2095,222,39,10,11,11,13,10,3,2,2,1,1,7,9,9,12,9,1,1,8,2,0,0,8,3,2,1,0,1.795947,1.875473,CSGO-9vc2t-THGUY-Sf8QP-hMYOK-HzQRO,4,0,9cb48de6a17ebe1
chopper,76561198045898864,24,Team Spirit,8,7,13,5,62,0.615385,80.952385,50.333332,0.380952,0.619048,4.285714,1,-1,0,0,0,1,0,0,1057,156,90,5,6,6,8,5,3,2,2,1,1,2,4,4,7,4,3,5,2,5,0,2,6,1,0,0,0,0.846055,0.657469,CSGO-DDMKA-7f8Le-z3na4-y3N5v-BWRZQ,0,0,9cb48de6a17ebe1
woxic,76561198083485506,41,Eternal Fire,17,3,16,9,52,1.0625,66.666672,71.380951,0.809524,0.761905,2.095238,3,-1,0,0,0,2,1,0,1499,166,44,9,10,10,12,9,3,2,2,1,1,6,8,8,11,8,2,1,3,3,0,0,6,4,1,0,0,1.084447,1.064435,CSGO-hVyt6-6w7hL-hQyc6-xReeD-3sNkO,1,0,9cb48de6a17ebe1
jottAAA,76561198410750263,37,Eternal Fire,14,3,13,8,57,1.076923,71.428574,83.14286,0.666667,0.619048,3.142857,3,-1,0,0,0,2,0,0,1746,308,66,8,9,9,11,8,2,1,1,0,0,6,8,8,11,8,1,2,3,3,0,0,8,3,0,0,0,1.109499,0.951426,CSGO-hvZ4i-4S8Mt-3e4vy-xcofo-Kj5BO,4,0,9cb48de6a17ebe1
magixx,76561199063238565,38,Team Spirit,12,3,12,8,66,1.0,85.714287,64.714287,0.571429,0.571429,7.047619,2,-1,0,0,0,4,1,0,1359,158,148,5,6,6,8,5,2,1,1,0,0,3,5,5,8,5,4,0,3,5,0,0,8,2,0,0,0,1.097872,0.883179,CSGO-9vKLy-OAOok-Yrj2D-6t3oQ-7T8SA,1,0,9cb48de6a17ebe1
zont1x,76561198995880877,38,Team Spirit,14,6,16,7,50,0.875,76.190475,84.428574,0.666667,0.761905,3.333333,3,-1,0,0,0,1,0,0,1773,260,70,7,8,8,10,7,3,2,2,1,1,4,6,6,9,6,2,3,2,4,0,1,6,4,0,0,0,1.086479,0.862212,CSGO-YRxPX-pKo3w-qZ2eU-GFa9n-biaAB,3,0,9cb48de6a17ebe1
Wicadia,76561198812513923,33,Eternal Fire,15,4,19,10,66,0.789474,71.428574,78.85714,0.714286,0.904762,0.047619,0,-1,0,0,0,0,0,0,1656,250,1,4,5,5,7,4,2,1,1,0,0,2,4,4,7,4,2,2,4,3,0,0,9,3,0,0,0,0.989431,0.75754,CSGO-doKzy-wm9tc-QT4MH-iUsEY-ysjjD,0,0,9cb48de6a17ebe1
donk,76561198386265483,51,Team Spirit,23,7,17,15,65,1.352941,85.714287,118.190475,1.095238,0.809524,6.904762,3,-1,0,0,0,0,0,0,2482,287,145,4,5,5,7,4,2,1,1,0,0,2,4,4,7,4,1,1,5,5,0,0,9,2,2,1,0,1.613838,1.457557,CSGO-ZsU2v-DUbfC-acyi7-Hu4Et-MeG4C,2,0,9cb48de6a17ebe1
