number,start_tick,start_frame,freezetime_end_tick,freezetime_end_frame,end_tick,end_frame,end_officially_tick,end_officially_frame,team_a_name,team_b_name,score_team_a,score_team_b,team_a_side,team_b_side,team_a_start_money,team_b_start_money,team_a_equipment_value,team_b_equipment_value,team_a_money_spent,team_b_money_spent,team_a_economy_type,team_b_economy_type,duration,end_reason,winner_name,winner_side,overtime_number,match_checksum
1,67,130,3267,4397,11425,13836,11873,14364,Team Spirit,HEROIC,1,0,3,2,4000,4000,4350,4300,3550,3300,pistol,pistol,170428,7,Team Spirit,3,0,6ff36ec1a9149902
2,11873,14364,13153,16313,19017,23466,19465,24035,Team Spirit,HEROIC,1,1,3,2,19750,14400,20900,13250,19300,12450,semi,force-buy,113179,1,HEROIC,2,0,6ff36ec1a9149902
3,19465,24035,20745,26013,30203,37248,30651,37776,Team Spirit,HEROIC,1,2,3,2,7450,21250,13650,19200,5700,5700,force-buy,semi,164298,1,HEROIC,2,0,6ff36ec1a9149902
4,30651,37776,31931,39883,40737,50306,41185,50837,Team Spirit,HEROIC,1,3,3,2,12150,34250,7200,22500,1150,11750,semi,full,155805,1,HEROIC,2,0,6ff36ec1a9149902
5,41185,50837,42465,52795,51745,63937,52193,64477,Team Spirit,HEROIC,1,4,3,2,23600,41500,23850,23650,20800,9000,full,full,162893,1,HEROIC,2,0,6ff36ec1a9149902
6,54946,68370,56226,70242,60155,74979,60603,75499,Team Spirit,HEROIC,1,5,3,2,19100,51500,21850,23450,16750,18750,semi,full,82180,9,HEROIC,2,0,6ff36ec1a9149902
7,60603,75499,61883,77351,69243,86013,69691,86549,Team Spirit,HEROIC,2,5,3,2,20350,50800,11600,27550,11200,20800,semi,full,130737,12,Team Spirit,3,0,6ff36ec1a9149902
8,72012,89789,73292,91633,80105,99778,80553,100297,Team Spirit,HEROIC,2,6,3,2,26200,35900,29950,27550,13850,20500,full,full,124209,9,HEROIC,2,0,6ff36ec1a9149902
9,80553,100297,81833,102400,88703,110549,89151,111092,Team Spirit,HEROIC,2,7,3,2,28050,33050,28100,27250,27100,20300,full,full,127479,1,HEROIC,2,0,6ff36ec1a9149902
10,89151,111092,90431,112990,98094,122240,98542,122767,Team Spirit,HEROIC,2,8,3,2,18850,31550,22300,27250,16850,16700,semi,full,138620,9,HEROIC,2,0,6ff36ec1a9149902
11,100636,125656,101916,127545,109276,136497,109724,137020,Team Spirit,HEROIC,3,8,3,2,19900,32900,13900,25900,11800,15400,semi,full,134803,12,Team Spirit,3,0,6ff36ec1a9149902
12,109724,137020,111004,138979,119294,148977,119838,149622,Team Spirit,HEROIC,3,9,3,2,26450,23700,29050,28050,24700,21700,full,full,148680,9,HEROIC,2,0,6ff36ec1a9149902
13,119838,149622,134880,168802,139366,174046,139814,174607,Team Spirit,HEROIC,4,9,2,3,4000,4000,4200,4300,3400,3300,pistol,pistol,303702,9,Team Spirit,2,0,6ff36ec1a9149902
14,139814,174607,141094,176463,145694,181967,146142,182540,Team Spirit,HEROIC,5,9,2,3,18350,10500,17650,1000,16250,0,semi,eco,91518,9,Team Spirit,2,0,6ff36ec1a9149902
15,146142,182540,147422,184555,151018,189034,151466,189553,Team Spirit,HEROIC,5,10,2,3,20450,22500,18650,23650,4700,22250,semi,full,80750,8,HEROIC,3,0,6ff36ec1a9149902
16,151466,189553,152746,191583,158409,198470,158857,199024,Team Spirit,HEROIC,6,10,2,3,24550,18000,23700,24800,22500,16150,full,full,110879,1,Team Spirit,2,0,6ff36ec1a9149902
17,158857,199024,160137,200878,165227,207102,165675,207637,Team Spirit,HEROIC,7,10,2,3,20450,11350,25400,13200,4700,500,full,semi,100446,9,Team Spirit,2,0,6ff36ec1a9149902
18,168040,210839,169320,212622,175088,219843,175536,220373,Team Spirit,HEROIC,7,11,2,3,33800,23750,25400,24350,17100,23350,full,full,111961,8,HEROIC,3,0,6ff36ec1a9149902
19,175536,220373,176816,222254,183071,230044,183519,230575,Team Spirit,HEROIC,8,11,2,3,24300,18150,23700,25850,22700,13300,full,full,120254,1,Team Spirit,2,0,6ff36ec1a9149902
20,183519,230575,184799,232415,192618,241996,193066,242559,Team Spirit,HEROIC,9,11,2,3,20300,14650,25600,10800,8600,2250,full,semi,142015,1,Team Spirit,2,0,6ff36ec1a9149902
21,193066,242559,194346,244444,198516,249595,198964,250142,Team Spirit,HEROIC,10,11,2,3,30400,24700,27650,26850,11250,22850,full,full,87489,9,Team Spirit,2,0,6ff36ec1a9149902
22,201250,253264,202530,255201,210760,265094,211208,265629,Team Spirit,HEROIC,11,11,2,3,37200,17250,27850,8650,17100,8450,full,semi,147101,9,Team Spirit,2,0,6ff36ec1a9149902
23,213804,269167,215084,270989,220836,277850,221284,278407,Team Spirit,HEROIC,12,11,2,3,38150,27000,27850,27500,21950,25800,full,full,107969,9,Team Spirit,2,0,6ff36ec1a9149902
24,221284,278407,222564,280471,229177,288270,229177,288270,Team Spirit,HEROIC,13,11,2,3,35200,18150,28550,19250,16900,18050,full,force-buy,122642,9,Team Spirit,2,0,6ff36ec1a9149902
1,1,1,3311,4401,7750,9536,8198,10069,Team A,Team B,0,1,3,2,4000,4000,4800,4450,3400,3450,pistol,pistol,119791,9,Team B,2,0,74f1eea03072e6b4
2,8198,10069,9478,11999,15274,18889,15722,19424,Team A,Team B,0,2,3,2,11000,18600,10200,18200,9300,16650,force-buy,semi,110808,1,Team B,2,0,74f1eea03072e6b4
3,15722,19424,17002,21325,22661,27884,23109,28406,Team A,Team B,0,3,3,2,14600,21850,6700,21750,2350,12100,semi,full,106285,9,Team B,2,0,74f1eea03072e6b4
4,23109,28406,24389,30325,31749,39078,32197,39603,Team A,Team B,1,3,3,2,27950,28100,28500,27550,27500,21250,full,full,134076,12,Team A,3,0,74f1eea03072e6b4
5,35368,44120,36648,45975,40701,51036,41149,51557,Team A,Team B,2,3,3,2,17100,13950,22750,18400,16350,13300,full,force-buy,86888,8,Team A,3,0,74f1eea03072e6b4
6,41149,51557,42429,53503,46531,58507,46979,59049,Team A,Team B,3,3,3,2,18200,10750,25500,2200,14500,1600,full,eco,87315,8,Team A,3,0,74f1eea03072e6b4
7,46979,59049,48259,60810,52905,66370,53353,66891,Team A,Team B,3,4,3,2,22150,20850,26500,21100,4700,20100,full,full,91976,9,Team B,2,0,74f1eea03072e6b4
8,53353,66891,54633,68699,59392,74536,59839,75068,Team A,Team B,3,5,3,2,25650,18600,26300,22650,24800,15600,full,full,96046,9,Team B,2,0,74f1eea03072e6b4
9,59839,75068,61119,76850,67032,83963,67480,84539,Team A,Team B,3,6,3,2,10650,21650,1000,26650,0,8950,eco,full,111751,9,Team B,2,0,74f1eea03072e6b4
10,69464,87040,70744,88925,78583,98450,79031,98994,Team A,Team B,3,7,3,2,22650,30350,24150,26650,22550,5500,full,full,143347,1,Team B,2,0,74f1eea03072e6b4
11,79031,98994,80311,100863,88530,110557,88978,111100,Team A,Team B,3,8,3,2,14600,43250,25350,27750,11850,4700,full,full,145270,9,Team B,2,0,74f1eea03072e6b4
12,91536,114364,92816,116135,98512,122847,99056,123510,Team A,Team B,3,9,3,2,20650,56200,22500,28550,20200,19350,full,full,106574,9,Team B,2,0,74f1eea03072e6b4
13,99056,123510,112207,140105,116646,145172,117094,145711,Team A,Team B,3,10,2,3,4000,4000,4300,4150,3300,3350,pistol,pistol,272147,8,Team B,3,0,74f1eea03072e6b4
14,117094,145711,118374,147469,120450,149982,120898,150539,Team A,Team B,3,11,2,3,11100,18400,2500,20500,2100,17700,eco,semi,53658,8,Team B,3,0,74f1eea03072e6b4
15,120898,150539,122178,152331,129254,160720,129702,161257,Team A,Team B,3,12,2,3,21300,19050,22400,26350,21000,9800,full,full,127907,7,Team B,3,0,74f1eea03072e6b4
16,132116,164535,133396,166363,136676,170259,136676,170259,Team A,Team B,3,13,2,3,17850,26050,19550,29850,18750,20050,force-buy,full,71912,8,Team B,3,0,74f1eea03072e6b4
1,1,1,4070,5413,9236,11408,9684,11947,Team A,Team B,1,0,3,2,4000,4000,4500,5100,3400,3400,pistol,pistol,142263,8,Team A,3,0,f101e58241ef725a
2,9684,11947,10964,13831,20499,25014,20947,25556,Team A,Team B,1,1,3,2,18350,11900,20400,8100,17600,4600,semi,semi,162965,1,Team B,2,0,f101e58241ef725a
3,20947,25556,22227,27558,27747,34248,28195,34773,Team A,Team B,1,2,3,2,8050,26000,14800,24550,7850,16100,force-buy,full,108402,1,Team B,2,0,f101e58241ef725a
4,28195,34773,29475,36645,38043,46783,38491,47320,Team A,Team B,1,3,3,2,10000,28900,5250,26100,800,8600,semi,full,149783,1,Team B,2,0,f101e58241ef725a
5,38491,47320,39771,49219,48746,59594,49194,60142,Team A,Team B,1,4,3,2,21800,39300,22150,26200,21150,13000,force-buy,full,153075,1,Team B,2,0,f101e58241ef725a
6,49194,60142,50474,62150,56844,69858,57292,70377,Team A,Team B,1,5,3,2,16650,45300,12650,27350,8300,26350,semi,full,121173,9,Team B,2,0,f101e58241ef725a
7,59662,73655,60942,75326,69091,85003,69539,85532,Team A,Team B,1,6,3,2,26850,36800,26700,27350,25700,16700,full,full,141527,9,Team B,2,0,f101e58241ef725a
8,69539,85532,70819,87451,77882,95871,78330,96399,Team A,Team B,1,7,3,2,19050,37950,11500,27350,10900,18950,semi,full,128943,9,Team B,2,0,f101e58241ef725a
9,78330,96399,79610,98374,85555,105573,86003,106114,Team A,Team B,2,7,3,2,26050,36850,25400,25100,24400,16400,full,full,114414,7,Team A,3,0,f101e58241ef725a
10,86003,106114,87283,108135,92754,114707,93202,115234,Team A,Team B,2,8,3,2,20950,31650,26700,27350,16750,26350,full,full,107168,9,Team B,2,0,f101e58241ef725a
11,95452,118361,96732,120211,100672,125080,101120,125607,Team A,Team B,2,9,3,2,19300,22950,20450,25700,18950,11150,force-buy,full,83796,9,Team B,2,0,f101e58241ef725a
12,101120,125607,102400,127558,105555,131539,106099,132181,Team A,Team B,2,10,3,2,17950,29250,19150,28350,17850,14400,force-buy,full,73981,9,Team B,2,0,f101e58241ef725a
13,106099,132181,119432,149846,122832,153821,123280,154353,Team A,Team B,2,11,2,3,4000,4000,4700,4250,3300,3450,pistol,pistol,269884,7,Team B,3,0,f101e58241ef725a
14,123280,154353,124560,156239,131105,164014,131553,164535,Team A,Team B,2,12,2,3,14100,19850,14100,21400,13500,19350,force-buy,semi,120487,8,Team B,3,0,f101e58241ef725a
15,133586,167511,134866,169350,138702,174050,138702,174050,Team A,Team B,2,13,2,3,15300,19900,14400,26700,13300,17000,force-buy,full,81551,8,Team B,3,0,f101e58241ef725a
1,181,291,3866,5023,12457,14829,12905,15357,BetBoom,G2,0,1,3,2,4000,4000,4200,4300,3400,3450,pistol,pistol,182144,9,G2,2,0,d8db8a4b337c6ecd
2,12905,15357,14185,17229,17800,21612,18248,22169,BetBoom,G2,0,2,3,2,11000,18600,1700,19500,1100,18200,eco,semi,78368,9,G2,2,0,d8db8a4b337c6ecd
3,18248,22169,19528,24131,26079,32051,26527,32581,BetBoom,G2,0,3,3,2,22500,19050,23550,24500,22150,11300,full,full,123810,9,G2,2,0,d8db8a4b337c6ecd
4,26527,32581,27807,34630,34571,42634,35019,43197,BetBoom,G2,0,4,3,2,16050,25800,10250,26650,9850,21950,semi,full,125952,9,G2,2,0,d8db8a4b337c6ecd
5,37436,46389,38716,48187,47442,58908,47890,59433,BetBoom,G2,0,5,3,2,24100,21500,24200,27850,23200,9000,full,full,156848,1,G2,2,0,d8db8a4b337c6ecd
6,47890,59433,49170,61365,56142,69486,56590,70005,BetBoom,G2,1,5,3,2,18500,31500,9900,27550,6400,12800,semi,full,125952,8,BetBoom,3,0,d8db8a4b337c6ecd
7,58968,73332,60248,75161,65897,81992,66345,82533,BetBoom,G2,2,5,3,2,30450,26900,29250,24600,22650,23600,full,full,108499,8,BetBoom,3,0,d8db8a4b337c6ecd
8,66345,82533,67625,84368,69668,86787,70116,87351,BetBoom,G2,3,5,3,2,25350,13200,29500,2800,12400,2000,full,eco,53297,8,BetBoom,3,0,d8db8a4b337c6ecd
9,70116,87351,71396,89251,78875,98093,79323,98620,BetBoom,G2,3,6,3,2,30700,23200,30000,23800,2600,22500,full,full,134585,9,G2,2,0,d8db8a4b337c6ecd
10,79323,98620,80603,100584,88777,110431,89225,110984,BetBoom,G2,3,7,3,2,38200,18150,26400,26700,25700,12950,full,full,147978,1,G2,2,0,d8db8a4b337c6ecd
11,89225,110984,90505,112908,96729,120411,97177,120946,BetBoom,G2,3,8,3,2,25100,23700,28400,26950,20650,12400,full,full,118109,1,G2,2,0,d8db8a4b337c6ecd
12,97177,120946,98457,122824,105366,131089,105910,131740,BetBoom,G2,3,9,3,2,19650,29800,26800,29800,16750,19600,full,full,127080,9,G2,2,0,d8db8a4b337c6ecd
13,105910,131740,119224,148892,121596,151700,122044,152236,BetBoom,G2,3,10,2,3,4000,4000,4700,5100,3300,3400,pistol,pistol,250076,8,G2,3,0,d8db8a4b337c6ecd
14,122044,152236,123324,154051,128200,159832,128648,160366,BetBoom,G2,3,11,2,3,10500,18350,3500,20050,2900,17350,eco,semi,95169,8,G2,3,0,d8db8a4b337c6ecd
15,128648,160366,129928,162178,137288,171057,137736,171578,BetBoom,G2,3,12,2,3,19900,19350,20900,24600,19500,11300,full,full,133946,12,G2,3,0,d8db8a4b337c6ecd
16,137736,171578,139016,173552,143652,179452,143652,179452,BetBoom,G2,3,13,2,3,18850,19950,16950,28200,12250,23300,force-buy,full,98652,8,G2,3,0,d8db8a4b337c6ecd
1,17348,20593,20218,24170,24558,29101,25006,29621,Vitality,Eternal Fire,0,1,3,2,4000,4000,4250,4400,3250,3400,pistol,pistol,108245,9,Eternal Fire,2,0,299d651349cc6962
2,25006,29621,41674,49955,46335,55508,46783,56038,Vitality,Eternal Fire,0,2,3,2,10850,18650,10950,19100,10350,18100,force-buy,semi,329353,9,Eternal Fire,2,0,299d651349cc6962
3,46783,56038,48063,57807,53404,64051,53852,64577,Vitality,Eternal Fire,0,3,3,2,13100,18600,3750,23450,3750,11350,eco,full,101947,9,Eternal Fire,2,0,299d651349cc6962
4,53852,64577,55132,66610,62543,75415,62991,75932,Vitality,Eternal Fire,0,4,3,2,23850,25300,24650,23950,23250,4200,full,full,137889,1,Eternal Fire,2,0,299d651349cc6962
5,62991,75932,64271,77806,70770,85385,71218,85923,Vitality,Eternal Fire,1,4,3,2,18100,40100,11150,26100,6900,12800,semi,full,120268,8,Vitality,3,0,299d651349cc6962
6,73358,88763,74638,90674,82097,99598,82545,100127,Vitality,Eternal Fire,1,5,3,2,28950,34900,27900,27250,16150,26550,full,full,137850,1,Eternal Fire,2,0,299d651349cc6962
7,82545,100127,83825,101980,91938,111700,92386,112262,Vitality,Eternal Fire,1,6,3,2,27900,27350,28500,27450,23450,13100,full,full,147240,1,Eternal Fire,2,0,299d651349cc6962
8,92386,112262,93666,114136,100995,122942,101443,123479,Vitality,Eternal Fire,1,7,3,2,21450,32650,27150,26950,12650,7400,full,full,135878,1,Eternal Fire,2,0,299d651349cc6962
9,103670,126613,104950,128455,113355,138432,113803,138959,Vitality,Eternal Fire,1,8,3,2,26200,44050,27800,27550,21700,14300,full,full,150370,1,Eternal Fire,2,0,299d651349cc6962
10,113803,138959,115083,140844,120248,147088,120696,147612,Vitality,Eternal Fire,2,8,3,2,21600,48850,22250,28050,21250,9950,force-buy,full,103423,8,Vitality,3,0,299d651349cc6962
11,123370,151198,124650,153141,129601,159225,130049,159792,Vitality,Eternal Fire,2,9,3,2,18100,46500,25100,27350,17000,27250,full,full,102125,9,Eternal Fire,2,0,299d651349cc6962
12,130049,159792,131329,161644,137319,168818,137863,169466,Vitality,Eternal Fire,3,9,3,2,15900,37100,16500,28150,15500,9900,force-buy,full,114835,8,Vitality,3,0,299d651349cc6962
13,137863,169466,150945,185623,154715,189964,155163,190532,Vitality,Eternal Fire,4,9,2,3,4000,4000,4150,3750,3550,3550,pistol,pistol,260790,9,Vitality,2,0,299d651349cc6962
14,155163,190532,156443,192356,164860,202041,165308,202573,Vitality,Eternal Fire,5,9,2,3,18200,9800,20950,1000,17300,0,full,eco,146426,1,Vitality,2,0,299d651349cc6962
15,165308,202573,166588,204349,174035,212982,174483,213504,Vitality,Eternal Fire,6,9,2,3,19000,21800,23050,22400,4500,21400,full,force-buy,132431,1,Vitality,2,0,299d651349cc6962
16,174483,213504,175763,215367,185002,226111,185450,226638,Vitality,Eternal Fire,7,9,2,3,33500,15800,25400,10850,17100,6250,full,semi,160395,1,Vitality,2,0,299d651349cc6962
17,187434,229382,188714,231110,195508,239396,195956,239946,Vitality,Eternal Fire,7,10,2,3,35100,26850,25600,30350,10250,22150,full,full,127405,8,Eternal Fire,3,0,299d651349cc6962
18,195956,239946,197236,241742,205742,252000,206190,252521,Vitality,Eternal Fire,7,11,2,3,32150,22050,25200,30550,24200,10800,full,full,153360,7,Eternal Fire,3,0,299d651349cc6962
19,206190,252521,207470,254309,213041,261054,213489,261584,Vitality,Eternal Fire,8,11,2,3,21950,29950,21700,30750,20300,23600,full,full,108563,1,Vitality,2,0,299d651349cc6962
20,213489,261584,214769,263415,221001,270852,221449,271421,Vitality,Eternal Fire,9,11,2,3,20950,18750,27550,8200,12300,7400,full,semi,117914,9,Vitality,2,0,299d651349cc6962
21,221449,271421,222729,273288,229130,281122,229578,281670,Vitality,Eternal Fire,9,12,2,3,26700,26450,27950,27750,8100,26250,full,full,123423,8,Eternal Fire,3,0,299d651349cc6962
22,231990,285069,233270,286936,240885,296069,240885,296069,Vitality,Eternal Fire,9,13,2,3,11650,23950,24850,28650,24050,14100,full,full,139950,7,Eternal Fire,3,0,299d651349cc6962
1,1,1,4645,5626,10173,11886,10621,12426,Team A,Team B,1,0,3,2,4000,4000,4000,4300,3400,3300,pistol,pistol,149610,8,Team A,3,0,ad2b34ad0667c962
2,10621,12426,11901,14156,18287,21623,18735,22174,Team A,Team B,2,0,3,2,18350,10800,18200,1600,16250,1000,semi,eco,115773,8,Team A,3,0,ad2b34ad0667c962
3,18735,22174,20015,23985,26989,32411,27437,32986,Team A,Team B,2,1,3,2,21050,22100,23900,22200,10550,21500,full,full,128864,9,Team B,2,0,ad2b34ad0667c962
4,27437,32986,28717,34731,34180,41193,34628,41743,Team A,Team B,3,1,3,2,17800,18650,17750,25000,16750,8700,force-buy,full,103310,8,Team A,3,0,ad2b34ad0667c962
5,34628,41743,35908,43441,40250,48654,40698,49193,Team A,Team B,4,1,3,2,18800,19450,27350,19300,10650,18800,full,force-buy,86996,8,Team A,3,0,ad2b34ad0667c962
6,40698,49193,72288,88413,76484,93419,76932,93957,Team A,Team B,5,1,3,2,25900,13250,30550,4650,16750,4650,full,eco,556723,8,Team A,3,0,ad2b34ad0667c962
7,76932,93957,78212,95798,85572,104617,86020,105133,Team A,Team B,6,1,3,2,26700,23400,31050,23900,9800,23000,full,full,134189,12,Team A,3,0,ad2b34ad0667c962
8,88506,108608,89786,110317,92481,113730,92929,114265,Team A,Team B,7,1,3,2,34150,14600,33100,12100,16750,8200,full,semi,64476,8,Team A,3,0,ad2b34ad0667c962
9,92929,114265,94209,116236,97577,120332,98025,120889,Team A,Team B,8,1,3,2,34950,23800,32800,24150,15150,22750,full,full,76372,8,Team A,3,0,ad2b34ad0667c962
10,98025,120889,99305,122774,102828,127203,103276,127773,Team A,Team B,8,2,3,2,37350,18350,32600,10150,10750,10150,full,semi,79481,9,Team B,2,0,ad2b34ad0667c962
11,106190,131754,107470,133469,115856,143574,116304,144162,Team A,Team B,8,3,3,2,34200,25850,30250,28350,29250,14800,full,full,148791,1,Team B,2,0,ad2b34ad0667c962
12,116304,144162,117584,146087,120505,149657,121049,150300,Team A,Team B,9,3,3,2,14450,29050,29400,28650,12850,7000,full,full,69171,8,Team A,3,0,ad2b34ad0667c962
13,121049,150300,134243,166450,141402,174548,141850,175071,Team A,Team B,10,3,2,3,4000,4000,4200,4200,3400,3400,pistol,pistol,305237,9,Team A,2,0,ad2b34ad0667c962
14,141850,175071,143130,176956,147449,182083,147897,182621,Team A,Team B,10,4,2,3,18650,11300,18350,11850,17350,11050,semi,force-buy,88268,8,Team B,3,0,ad2b34ad0667c962
15,147897,182621,149177,184427,153736,189911,154184,190448,Team A,Team B,10,5,2,3,9800,18300,9950,21650,9550,17000,force-buy,semi,91767,7,Team B,3,0,ad2b34ad0667c962
16,154184,190448,155464,192309,157821,195194,158269,195756,Team A,Team B,10,6,2,3,14550,20600,14250,25550,13450,16100,force-buy,full,59743,8,Team B,3,0,ad2b34ad0667c962
17,158269,195756,159549,197620,163156,201863,163604,202407,Team A,Team B,10,7,2,3,13700,22250,2800,26900,2600,8200,eco,full,76875,8,Team B,3,0,ad2b34ad0667c962
18,163604,202407,164884,204248,172244,212953,172692,213513,Team A,Team B,10,8,2,3,25600,31800,26250,27900,25250,4000,full,full,132754,12,Team B,3,0,ad2b34ad0667c962
19,174988,216514,176268,218160,178821,221218,179269,221806,Team A,Team B,10,9,2,3,14250,45550,6550,28100,6150,8900,semi,full,59214,8,Team B,3,0,ad2b34ad0667c962
20,181398,224791,182678,226682,190179,235564,190627,236091,Team A,Team B,11,9,2,3,25400,54400,25100,30650,23600,9450,full,full,135612,9,Team A,2,0,ad2b34ad0667c962
21,190627,236091,191907,237986,197369,244524,197817,245048,Team A,Team B,11,10,2,3,19650,51150,25750,31550,15150,30550,full,full,106155,8,Team B,3,0,ad2b34ad0667c962
22,200414,248696,201694,250528,205860,255610,206308,256143,Team A,Team B,12,10,2,3,19800,38350,19200,30050,18500,22900,force-buy,full,87034,9,Team A,2,0,ad2b34ad0667c962
23,206308,256143,207588,257995,213116,264497,213564,265040,Team A,Team B,12,11,2,3,19350,23250,23200,24250,17100,23050,full,full,105161,8,Team B,3,0,ad2b34ad0667c962
24,213564,265040,214844,266814,218279,271190,218279,271190,Team A,Team B,13,11,2,3,18850,10550,14750,31050,13750,14100,force-buy,full,77417,9,Team A,2,0,ad2b34ad0667c962
1,218,368,4246,5281,6968,8422,7416,8943,Natus Vincere,paiN,1,0,3,2,4000,4000,4200,4750,3400,3350,pistol,pistol,102100,8,Natus Vincere,3,0,e1b5625501404064
2,7416,8943,8696,10801,14377,17401,14825,17947,Natus Vincere,paiN,2,0,3,2,18350,11350,20000,2700,17950,1700,semi,eco,107221,8,Natus Vincere,3,0,e1b5625501404064
3,14825,17947,16105,19916,21970,26790,22418,27307,Natus Vincere,paiN,2,1,3,2,18150,23350,22400,23400,6000,22400,semi,full,112102,9,paiN,2,0,e1b5625501404064
4,22418,27307,23698,29308,33031,40269,33479,40829,Natus Vincere,paiN,3,1,3,2,20650,18700,21150,21700,20150,17150,force-buy,full,164318,7,Natus Vincere,3,0,e1b5625501404064
5,33479,40829,34759,42665,40650,49515,41098,50086,Natus Vincere,paiN,4,1,3,2,20100,15250,26950,3700,17850,3100,full,eco,110112,8,Natus Vincere,3,0,e1b5625501404064
6,41098,50086,42378,52045,49273,60247,49721,60777,Natus Vincere,paiN,5,1,3,2,20000,24450,27250,25150,9500,24150,full,full,128810,8,Natus Vincere,3,0,e1b5625501404064
7,49721,60777,51001,62770,59691,72966,60139,73529,Natus Vincere,paiN,6,1,3,2,28250,15500,30350,7650,18700,7250,full,semi,154519,7,Natus Vincere,3,0,e1b5625501404064
8,62280,76246,63560,78052,69816,85531,70264,86073,Natus Vincere,paiN,6,2,3,2,28650,29150,30850,27250,14400,26250,full,full,117705,9,paiN,2,0,e1b5625501404064
9,70264,86073,71544,87964,80503,98451,80951,98984,Natus Vincere,paiN,6,3,3,2,21650,20950,7150,27150,6550,12800,semi,full,156915,1,paiN,2,0,e1b5625501404064
10,83700,102483,84980,104167,93735,114572,94183,115098,Natus Vincere,paiN,6,4,3,2,25200,26850,28200,27250,20350,12900,full,full,153251,1,paiN,2,0,e1b5625501404064
11,94183,115098,95463,117042,102211,125070,102659,125599,Natus Vincere,paiN,7,4,3,2,17450,32450,26900,27650,15500,13950,full,full,126414,8,Natus Vincere,3,0,e1b5625501404064
12,102659,125599,103939,127529,110168,134894,110712,135543,Natus Vincere,paiN,7,5,3,2,19100,28600,29000,26650,17100,26450,full,full,117832,9,paiN,2,0,e1b5625501404064
13,110712,135543,123924,151815,129791,158569,130239,159096,Natus Vincere,paiN,7,6,2,3,4000,4000,4950,4400,3350,3400,pistol,pistol,291899,8,paiN,3,0,e1b5625501404064
14,130239,159096,131519,160941,135894,166103,136342,166678,Natus Vincere,paiN,7,7,2,3,11050,18350,3700,20000,3100,17950,eco,semi,88827,8,paiN,3,0,e1b5625501404064
15,136342,166678,137622,168534,143543,175597,143991,176122,Natus Vincere,paiN,7,8,2,3,20250,18750,21250,25800,20050,11000,full,full,113065,8,paiN,3,0,e1b5625501404064
16,143991,176122,145271,178108,146928,180218,147376,180773,Natus Vincere,paiN,7,9,2,3,15300,25200,7700,29450,7500,15550,semi,full,51924,8,paiN,3,0,e1b5625501404064
17,150024,184385,151304,186018,159368,195522,159816,196042,Natus Vincere,paiN,8,9,2,3,25000,27200,25650,31050,24650,4500,full,full,141183,1,Natus Vincere,2,0,e1b5625501404064
18,159816,196042,161096,197920,167834,206115,168282,206657,Natus Vincere,paiN,8,10,2,3,19050,30300,27150,30000,12800,20300,full,full,127694,8,paiN,3,0,e1b5625501404064
19,168282,206657,169562,208542,176205,216545,176653,217087,Natus Vincere,paiN,8,11,2,3,21050,27750,21000,29300,20300,9800,full,full,125349,7,paiN,3,0,e1b5625501404064
20,179086,220396,180366,222050,188491,231680,188939,232214,Natus Vincere,paiN,9,11,2,3,21950,37050,21900,30250,21100,19150,full,full,143046,9,Natus Vincere,2,0,e1b5625501404064
21,188939,232214,190219,234052,196690,241749,197138,242287,Natus Vincere,paiN,9,12,2,3,18900,26100,23950,26050,17000,25350,full,full,120874,8,paiN,3,0,e1b5625501404064
22,197138,242287,198418,244191,206708,253934,207156,254454,Natus Vincere,paiN,10,12,2,3,17100,18500,19600,27700,16600,16650,force-buy,full,147648,1,Natus Vincere,2,0,e1b5625501404064
23,209278,257107,210558,258886,219521,269392,219969,269917,Natus Vincere,paiN,11,12,2,3,19500,10450,20100,10650,19100,10250,full,force-buy,155736,1,Natus Vincere,2,0,e1b5625501404064
24,219969,269917,221249,271778,229452,281539,229996,282179,Natus Vincere,paiN,12,12,2,3,19100,9700,26100,15200,15800,9150,full,force-buy,147331,9,Natus Vincere,2,0,e1b5625501404064
25,229996,282179,231353,284039,237549,291545,237997,292094,Natus Vincere,paiN,12,13,2,3,62500,62500,27150,31500,26750,31000,full,full,118732,8,paiN,3,1,e1b5625501404064
26,237997,292094,239277,294005,243234,298897,243682,299464,Natus Vincere,paiN,13,13,2,3,45350,49250,27350,31950,26350,10000,full,full,86241,9,Natus Vincere,2,1,e1b5625501404064
27,243682,299464,244962,301409,249558,306963,250102,307632,Natus Vincere,paiN,14,13,2,3,36850,46850,27750,31450,12700,32250,full,full,95064,9,Natus Vincere,2,1,e1b5625501404064
28,253074,311603,254354,313375,257761,317471,258209,318104,Natus Vincere,paiN,15,13,3,2,62500,62500,31600,27150,31700,26650,full,full,74388,8,Natus Vincere,3,1,e1b5625501404064
29,260660,321447,261940,323234,267846,330379,267846,330379,Natus Vincere,paiN,16,13,3,2,57100,31000,31550,27250,7800,26450,full,full,113230,8,Natus Vincere,3,1,e1b5625501404064
1,4,65,5058,6298,10652,12622,11100,13140,paiN,Natus Vincere,1,0,3,2,4000,4000,4200,4650,3400,3550,pistol,pistol,159180,8,paiN,3,0,4ccce73468468deb
2,11100,13140,12380,15202,18042,21778,18490,22329,paiN,Natus Vincere,2,0,3,2,18350,10850,19950,2000,17850,1400,semi,eco,109500,8,paiN,3,0,4ccce73468468deb
3,18490,22329,19770,24228,25557,31258,26005,31807,paiN,Natus Vincere,2,1,3,2,19450,21450,24350,22200,6800,21200,full,full,113189,1,Natus Vincere,2,0,4ccce73468468deb
4,26005,31807,27285,33654,36027,44223,36475,44801,paiN,Natus Vincere,2,2,3,2,19950,18650,27450,23400,13700,9400,full,full,157392,1,Natus Vincere,2,0,4ccce73468468deb
5,36475,44801,37755,46664,46364,56707,46812,57250,paiN,Natus Vincere,3,2,3,2,15750,27650,27450,25400,13050,3900,full,full,150927,7,paiN,3,0,4ccce73468468deb
6,46812,57250,48092,59247,54941,67417,55389,67955,paiN,Natus Vincere,4,2,3,2,22600,34950,29800,27350,17250,26350,full,full,128883,8,paiN,3,0,4ccce73468468deb
7,55389,67955,56669,69751,59909,73649,60357,74193,paiN,Natus Vincere,5,2,3,2,23100,18100,29400,8400,7500,8000,full,semi,72180,8,paiN,3,0,4ccce73468468deb
8,62786,77443,64066,79185,72038,88633,72486,89165,paiN,Natus Vincere,6,2,3,2,33150,22700,29800,23000,13700,21800,full,full,141851,7,paiN,3,0,4ccce73468468deb
9,72486,89165,73766,91053,78165,96433,78613,97002,paiN,Natus Vincere,7,2,3,2,38050,21400,30050,24850,29050,17700,full,full,92133,8,paiN,3,0,4ccce73468468deb
10,78613,97002,79893,98917,85153,105273,85601,105849,paiN,Natus Vincere,8,2,3,2,26550,20700,30750,11700,5600,11500,full,semi,104848,8,paiN,3,0,4ccce73468468deb
11,88326,109372,89606,111290,96659,119690,97107,120228,paiN,Natus Vincere,8,3,3,2,38500,26200,31050,25400,5600,24400,full,full,130797,1,Natus Vincere,2,0,4ccce73468468deb
12,97107,120228,98387,122135,103411,128118,103955,128770,paiN,Natus Vincere,8,4,3,2,40600,20800,32350,25400,25400,17200,full,full,100018,9,Natus Vincere,2,0,4ccce73468468deb
13,103955,128770,117566,145188,121459,149661,121907,150183,paiN,Natus Vincere,9,4,2,3,4000,4000,4600,4200,3300,3400,pistol,pistol,264826,9,paiN,2,0,4ccce73468468deb
14,121907,150183,123187,152063,128127,157922,128575,158460,paiN,Natus Vincere,10,4,2,3,18750,11300,19300,11450,18300,10750,semi,force-buy,98104,9,paiN,2,0,4ccce73468468deb
15,128575,158460,129855,160293,136099,167585,136547,168108,paiN,Natus Vincere,11,4,2,3,18500,13750,20950,3900,15950,3600,full,eco,115674,9,paiN,2,0,4ccce73468468deb
16,136547,168108,137827,170024,144994,178535,145442,179063,paiN,Natus Vincere,12,4,2,3,20900,25550,24700,25850,16550,24850,full,full,132178,9,paiN,2,0,4ccce73468468deb
17,147868,182434,149148,184195,150924,186407,151372,186938,paiN,Natus Vincere,12,5,2,3,22400,18900,23600,19650,18600,18450,full,force-buy,50364,8,Natus Vincere,3,0,4ccce73468468deb
18,151372,186938,152652,188823,158930,196331,159378,196929,paiN,Natus Vincere,12,6,2,3,11400,18500,11550,26850,11150,13050,force-buy,full,119071,8,Natus Vincere,3,0,4ccce73468468deb
19,159378,196929,160658,198731,163345,201910,163793,202488,paiN,Natus Vincere,12,7,2,3,9750,23200,1200,27900,200,6600,eco,full,63142,8,Natus Vincere,3,0,4ccce73468468deb
20,163793,202488,165073,204341,173998,214707,173998,214707,paiN,Natus Vincere,13,7,2,3,18900,35500,22400,30850,21000,9550,full,full,154895,9,paiN,2,0,4ccce73468468deb
1,93,152,11304,13163,19085,21977,19533,22513,Natus Vincere,paiN,0,1,3,2,4000,4000,4200,4500,3400,3300,pistol,pistol,276761,9,paiN,2,0,341d802e05c4673
2,19533,22513,20813,24406,25584,30187,26032,30758,Natus Vincere,paiN,0,2,3,2,10400,18750,10050,19850,9850,18000,force-buy,semi,97313,1,paiN,2,0,341d802e05c4673
3,26032,30758,27312,32630,32369,38753,32817,39287,Natus Vincere,paiN,0,3,3,2,12550,18850,9100,22350,900,5400,semi,full,101383,1,paiN,2,0,341d802e05c4673
4,32817,39287,34097,41205,40570,48976,41018,49537,Natus Vincere,paiN,0,4,3,2,27050,32450,28550,26450,24950,22150,full,full,122865,1,paiN,2,0,341d802e05c4673
5,41018,49537,42298,51596,47430,57795,47878,58346,Natus Vincere,paiN,0,5,3,2,19700,29000,27300,27250,16150,13100,full,full,104719,9,paiN,2,0,341d802e05c4673
6,50687,61910,51967,63625,55645,68139,56093,68675,Natus Vincere,paiN,0,6,3,2,21250,33950,12550,26100,11750,14950,semi,full,78989,9,paiN,2,0,341d802e05c4673
7,56093,68675,57373,70628,60886,74979,61334,75515,Natus Vincere,paiN,1,6,3,2,28000,36650,27900,27650,26900,16700,full,full,79940,8,Natus Vincere,3,0,341d802e05c4673
8,61334,75515,62614,77520,69974,86233,70422,86784,Natus Vincere,paiN,2,6,3,2,18850,27550,29700,25850,14150,24850,full,full,135914,12,Natus Vincere,3,0,341d802e05c4673
9,70422,86784,71702,88527,74816,92424,75264,92984,Natus Vincere,paiN,3,6,3,2,21850,8400,29100,18300,4600,6650,full,force-buy,71520,8,Natus Vincere,3,0,341d802e05c4673
10,75264,92984,76544,94832,78697,97473,79145,98044,Natus Vincere,paiN,4,6,3,2,34800,14050,30450,1900,10600,1100,full,eco,56924,8,Natus Vincere,3,0,341d802e05c4673
11,81307,101049,82587,102772,87047,108137,87495,108669,Natus Vincere,paiN,4,7,3,2,41950,27450,31250,25300,3900,24600,full,full,89882,1,paiN,2,0,341d802e05c4673
12,87495,108669,88775,110525,96135,119146,96680,119794,Natus Vincere,paiN,5,7,3,2,45350,21850,32850,25900,30250,9850,full,full,132858,12,Natus Vincere,3,0,341d802e05c4673
13,96680,119794,109764,135448,114651,141099,115099,141623,Natus Vincere,paiN,5,8,2,3,4000,4000,4650,4400,3450,3400,pistol,pistol,270167,7,paiN,3,0,341d802e05c4673
14,115099,141623,116379,143427,121914,149989,122362,150558,Natus Vincere,paiN,5,9,2,3,14250,19900,3450,20950,3550,19650,eco,semi,106088,8,paiN,3,0,341d802e05c4673
15,122362,150558,123642,152470,131417,161702,131865,162282,Natus Vincere,paiN,6,9,2,3,23000,18600,23700,26950,22800,11750,full,full,141316,1,Natus Vincere,2,0,341d802e05c4673
16,131865,162282,133145,164016,137132,168795,137580,169398,Natus Vincere,paiN,7,9,2,3,19200,14750,25300,5600,13300,700,full,semi,82590,9,Natus Vincere,2,0,341d802e05c4673
17,140461,173079,141741,174889,146778,180954,147226,181512,Natus Vincere,paiN,7,10,2,3,23950,23550,25400,25200,2700,23200,full,full,99862,8,paiN,3,0,341d802e05c4673
18,147226,181512,148506,183384,155768,192009,156216,192553,Natus Vincere,paiN,8,10,2,3,28550,18100,26350,28900,25650,12000,full,full,133111,1,Natus Vincere,2,0,341d802e05c4673
19,156216,192553,157496,194492,163469,201592,163917,202158,Natus Vincere,paiN,9,10,2,3,21400,13100,27450,9100,4400,300,full,semi,114622,1,Natus Vincere,2,0,341d802e05c4673
20,166141,204990,167421,206657,173482,213937,173930,214454,Natus Vincere,paiN,9,11,2,3,35800,22900,27750,26600,13000,21700,full,full,113456,8,paiN,3,0,341d802e05c4673
21,176527,217772,177807,219494,184350,227273,184798,227793,Natus Vincere,paiN,10,11,2,3,31000,18550,27150,25550,26450,17600,full,full,120481,1,Natus Vincere,2,0,341d802e05c4673
22,184798,227793,186078,229598,193251,238019,193699,238537,Natus Vincere,paiN,10,12,2,3,22950,8250,27450,22300,9700,7600,full,force-buy,129675,8,paiN,3,0,341d802e05c4673
23,196381,242104,197661,243928,206431,254224,206879,254763,Natus Vincere,paiN,11,12,2,3,21250,18200,20600,22300,20100,17450,full,semi,153692,1,Natus Vincere,2,0,341d802e05c4673
24,206879,254763,208159,256629,215019,264773,215563,265416,Natus Vincere,paiN,12,12,2,3,19850,8650,26400,16850,16500,8150,full,force-buy,126936,9,Natus Vincere,2,0,341d802e05c4673
25,215563,265416,218055,268713,224534,276497,224982,277076,Natus Vincere,paiN,13,12,2,3,62500,62500,27550,29850,27050,29050,full,full,140517,9,Natus Vincere,2,1,341d802e05c4673
26,224982,277076,226262,278903,232403,286213,232851,286758,Natus Vincere,paiN,13,13,2,3,53300,43650,27650,29750,17300,28950,full,full,115865,8,paiN,3,1,341d802e05c4673
27,235169,289802,236449,291527,242505,298797,243049,299447,Natus Vincere,paiN,14,13,2,3,42200,32250,28850,30450,29650,15750,full,full,114064,9,Natus Vincere,2,1,341d802e05c4673
28,243049,299447,244460,301382,250616,308744,251064,309318,Natus Vincere,paiN,15,13,3,2,62500,62500,29550,27250,28550,26550,full,full,117894,8,Natus Vincere,3,1,341d802e05c4673
29,253509,312490,254789,314186,258276,318511,258276,318511,Natus Vincere,paiN,16,13,3,2,52300,31600,32150,27350,16550,26650,full,full,76351,8,Natus Vincere,3,1,341d802e05c4673
1,227,314,4673,5890,12944,15363,13392,15881,Eternal Fire,G2,0,1,3,2,4000,4000,4050,5100,3450,3450,pistol,pistol,195197,1,G2,2,0,bde29716c3d4329a
2,13392,15881,14672,17633,24242,28734,24690,29259,Eternal Fire,G2,0,2,3,2,10650,19850,11050,19700,10250,18600,force-buy,semi,166714,1,G2,2,0,bde29716c3d4329a
3,24690,29259,25970,31073,34002,40435,34450,40954,Eternal Fire,G2,0,3,3,2,14500,20250,7950,21200,4400,20000,semi,full,144961,1,G2,2,0,bde29716c3d4329a
4,34450,40954,35730,42730,41427,49503,41875,50034,Eternal Fire,G2,0,4,3,2,24900,19550,25800,24700,24500,8900,full,full,110887,9,G2,2,0,bde29716c3d4329a
5,41875,50034,44913,53976,51550,61742,51998,62273,Eternal Fire,G2,0,5,3,2,17700,29000,9850,27650,9050,8600,semi,full,151862,9,G2,2,0,bde29716c3d4329a
6,51998,62273,53278,64107,57578,69234,58026,69774,Eternal Fire,G2,0,6,3,2,26250,38450,26850,27750,25850,7300,full,full,90289,9,G2,2,0,bde29716c3d4329a
7,60028,72174,61308,73833,69430,83283,69878,83809,Eternal Fire,G2,0,7,3,2,18100,49000,12750,27450,11750,16100,semi,full,144092,1,G2,2,0,bde29716c3d4329a
8,69878,83809,71158,85588,78518,94336,78966,94857,Eternal Fire,G2,1,7,3,2,23950,51700,26500,27550,21950,9750,full,full,136543,12,Eternal Fire,3,0,bde29716c3d4329a
9,81410,98087,82690,99778,90197,108500,90645,109043,Eternal Fire,G2,2,7,3,2,19450,48650,21350,27250,19250,20200,semi,full,135065,7,Eternal Fire,3,0,bde29716c3d4329a
10,92629,111238,93909,112707,100991,120077,101439,120468,Eternal Fire,G2,3,7,3,2,19800,41550,27550,27250,16950,26250,full,full,114649,8,Eternal Fire,3,0,bde29716c3d4329a
11,101439,120468,102719,122195,109421,130241,109869,130787,Eternal Fire,G2,4,7,3,2,20000,28300,25250,26250,17900,25250,full,full,126763,8,Eternal Fire,3,0,bde29716c3d4329a
12,109869,130787,111149,132605,117871,140694,118415,141343,Eternal Fire,G2,5,7,3,2,20750,18150,30350,18350,16000,17350,full,force-buy,128501,7,Eternal Fire,3,0,bde29716c3d4329a
13,118415,141343,131148,156993,135421,161859,135869,162399,Eternal Fire,G2,6,7,2,3,4000,4000,4300,4000,3300,3400,pistol,pistol,266109,9,Eternal Fire,2,0,bde29716c3d4329a
14,135869,162399,137149,164395,144232,172829,144680,173345,Eternal Fire,G2,7,7,2,3,18450,10700,19600,9900,17450,9700,semi,force-buy,135285,1,Eternal Fire,2,0,bde29716c3d4329a
15,144680,173345,145960,175040,153313,183698,153761,184259,Eternal Fire,G2,8,7,2,3,20600,13000,21800,5450,5500,2300,full,semi,134286,1,Eternal Fire,2,0,bde29716c3d4329a
16,153761,184259,155041,186105,161887,194261,162335,194784,Eternal Fire,G2,8,8,2,3,34400,25500,25300,27300,10350,25050,full,full,129734,8,G2,3,0,bde29716c3d4329a
17,162335,194784,163615,196636,170498,204869,170946,205406,Eternal Fire,G2,9,8,2,3,31750,17800,27350,26050,26650,15400,full,full,130810,9,Eternal Fire,2,0,bde29716c3d4329a
18,170946,205406,172226,207219,176986,212669,177434,213219,Eternal Fire,G2,10,8,2,3,22750,15000,26350,6050,19600,6050,full,semi,94207,9,Eternal Fire,2,0,bde29716c3d4329a
19,179566,215984,180846,217725,185771,223619,186219,224153,Eternal Fire,G2,10,9,2,3,20900,23750,27450,24350,8200,23350,full,full,99032,8,G2,3,0,bde29716c3d4329a
20,188902,227631,190182,229282,194178,234184,194626,234718,Eternal Fire,G2,10,10,2,3,19800,18150,18400,28050,18600,10000,force-buy,full,84997,8,G2,3,0,bde29716c3d4329a
21,194626,234718,195906,236454,203266,244892,203714,245422,Eternal Fire,G2,10,11,2,3,11600,25500,3950,28300,3750,13800,eco,full,131965,12,G2,3,0,bde29716c3d4329a
22,205902,248148,207182,249845,215752,259865,216200,260392,Eternal Fire,G2,11,11,2,3,17750,28950,22050,28550,17250,8550,full,full,151979,1,Eternal Fire,2,0,bde29716c3d4329a
23,216200,260392,217480,262134,225620,271820,226068,272356,Eternal Fire,G2,12,11,2,3,19200,27700,24800,29800,10350,17150,full,full,148230,9,Eternal Fire,2,0,bde29716c3d4329a
24,226068,272356,227348,274104,233945,281976,233945,281976,Eternal Fire,G2,13,11,2,3,24800,13750,27950,21400,20700,20400,full,force-buy,124779,1,Eternal Fire,2,0,bde29716c3d4329a
1,229,315,2536,3140,8921,10436,9369,10953,G2,Eternal Fire,1,0,3,2,4000,4000,4300,4250,3300,3450,pistol,pistol,128479,7,G2,3,0,3e8f1122a4f9f6e8
2,9369,10953,10649,12722,15198,18166,15646,18704,G2,Eternal Fire,2,0,3,2,20000,14250,20250,15200,19150,13900,semi,force-buy,91564,7,G2,3,0,3e8f1122a4f9f6e8
3,15646,18704,16926,20503,20799,25108,21247,25631,G2,Eternal Fire,3,0,3,2,19750,15950,25600,6100,10200,5050,full,semi,81294,8,G2,3,0,3e8f1122a4f9f6e8
4,21247,25631,22527,27448,29887,36176,30335,36694,G2,Eternal Fire,4,0,3,2,27300,26000,29950,26250,15050,25250,full,full,133861,12,G2,3,0,3e8f1122a4f9f6e8
5,30335,36694,31615,38400,38631,46695,39079,47211,G2,Eternal Fire,4,1,3,2,29400,11250,29950,21400,10000,10650,full,full,126955,1,Eternal Fire,2,0,3e8f1122a4f9f6e8
6,39079,47211,40359,49013,48085,58272,48533,58796,G2,Eternal Fire,5,1,3,2,27000,20050,28300,26850,23200,12500,full,full,140411,7,G2,3,0,3e8f1122a4f9f6e8
7,51236,62180,52516,63957,59070,71713,59518,72254,G2,Eternal Fire,6,1,3,2,23100,26050,31650,24600,18700,23400,full,full,121014,8,G2,3,0,3e8f1122a4f9f6e8
8,61548,74959,62828,76673,68251,83085,68699,83614,G2,Eternal Fire,6,2,3,2,21950,20250,31700,13550,15000,12950,full,semi,103154,1,Eternal Fire,2,0,3e8f1122a4f9f6e8
9,71316,86856,72596,88561,78766,95811,79214,96341,G2,Eternal Fire,7,2,3,2,14250,26300,22150,28350,14000,9000,force-buy,full,113677,8,G2,3,0,3e8f1122a4f9f6e8
10,79214,96341,80494,98049,87487,106558,87935,107089,G2,Eternal Fire,7,3,3,2,18400,32100,28300,27050,9850,26050,full,full,129697,1,Eternal Fire,2,0,3e8f1122a4f9f6e8
11,90326,110146,91606,111926,94900,116010,95348,116562,G2,Eternal Fire,7,4,3,2,15550,24450,28500,27550,13150,6300,full,full,74439,9,Eternal Fire,2,0,3e8f1122a4f9f6e8
12,95348,116562,96628,118411,102290,125011,102834,125652,G2,Eternal Fire,8,4,3,2,12200,36200,13250,28550,11950,9650,force-buy,full,107254,8,G2,3,0,3e8f1122a4f9f6e8
13,102834,125652,117174,143822,122086,149476,122534,150015,G2,Eternal Fire,9,4,2,3,4000,4000,4250,4500,3450,3400,pistol,pistol,302429,9,G2,2,0,3e8f1122a4f9f6e8
14,122534,150015,123814,151806,130280,159459,130728,159985,G2,Eternal Fire,9,5,2,3,18600,10700,19550,11500,17700,10100,semi,force-buy,119885,8,Eternal Fire,3,0,3e8f1122a4f9f6e8
15,130728,159985,132008,161736,135201,165721,135649,166276,G2,Eternal Fire,9,6,2,3,8800,18450,8650,22200,8450,15400,force-buy,semi,72814,8,Eternal Fire,3,0,3e8f1122a4f9f6e8
16,135649,166276,136929,168090,140261,172092,140709,172659,G2,Eternal Fire,9,7,2,3,9850,21400,1200,23600,200,5500,eco,full,73830,8,Eternal Fire,3,0,3e8f1122a4f9f6e8
17,140709,172659,141989,174525,146900,180541,147348,181062,G2,Eternal Fire,9,8,2,3,21950,33650,22400,28000,21400,11150,full,full,100056,8,Eternal Fire,3,0,3e8f1122a4f9f6e8
18,147348,181062,148628,182874,150979,185799,151427,186368,G2,Eternal Fire,9,9,2,3,15950,39850,7500,29950,7900,21250,semi,full,60132,8,Eternal Fire,3,0,3e8f1122a4f9f6e8
19,153490,189172,154770,190954,163351,201182,163799,201709,G2,Eternal Fire,10,9,2,3,25650,36150,25500,31050,24500,13700,full,full,152458,1,G2,2,0,3e8f1122a4f9f6e8
20,163799,201709,165079,203449,171543,211269,171991,211824,G2,Eternal Fire,11,9,2,3,19150,29750,26300,30650,9450,14900,full,full,121357,1,G2,2,0,3e8f1122a4f9f6e8
21,174204,214681,175484,216386,181060,223083,181508,223624,G2,Eternal Fire,12,9,2,3,27800,24650,26800,30150,9900,7700,full,full,106657,9,G2,2,0,3e8f1122a4f9f6e8
22,181508,223624,182788,225388,187740,231325,187740,231325,G2,Eternal Fire,13,9,2,3,45300,16350,26750,29000,8400,28200,full,full,97758,9,G2,2,0,3e8f1122a4f9f6e8
1,115,178,1394,1613,2945,3353,3393,3841,G2,Eternal Fire,0,1,3,2,4000,4000,3250,3250,0,0,pistol,pistol,40977,9,Eternal Fire,2,0,40d4c1527dc406f0
3,4078,4676,13061,15210,16780,19476,17228,20019,Eternal Fire,G2,0,2,3,2,4000,4000,4000,4550,3400,3450,eco,eco,191012,9,G2,2,0,40d4c1527dc406f0
4,17228,20019,18508,21797,23525,27678,23973,28228,Eternal Fire,G2,0,3,3,2,10400,18600,10650,21300,10050,18200,force-buy,full,98848,9,G2,2,0,40d4c1527dc406f0
5,23973,28228,25253,29944,30260,35792,30708,36326,Eternal Fire,G2,0,4,3,2,12650,18450,2400,24200,2200,7800,eco,full,97622,9,G2,2,0,40d4c1527dc406f0
6,30708,36326,31988,38080,39117,46698,39565,47221,Eternal Fire,G2,0,5,3,2,25850,28400,26400,25300,25400,16800,full,full,133863,1,G2,2,0,40d4c1527dc406f0
7,39565,47221,40845,48983,49926,59623,50374,60158,Eternal Fire,G2,0,6,3,2,17750,30600,16100,25300,9350,16900,semi,full,160063,1,G2,2,0,40d4c1527dc406f0
8,52358,62681,53638,64346,58690,70301,59138,70858,Eternal Fire,G2,1,6,3,2,26700,32700,28600,27450,21850,18950,full,full,98345,7,Eternal Fire,3,0,40d4c1527dc406f0
9,59138,70858,60418,72699,66832,80324,67280,80871,Eternal Fire,G2,2,6,3,2,23950,24750,30250,24000,18650,23000,full,full,122170,7,Eternal Fire,3,0,40d4c1527dc406f0
10,67280,80871,68560,82554,75821,91109,76269,91641,Eternal Fire,G2,3,6,3,2,24400,14850,29850,3800,9600,3100,full,eco,132134,7,Eternal Fire,3,0,40d4c1527dc406f0
11,76269,91641,77549,93441,84111,101202,84559,101741,Eternal Fire,G2,4,6,3,2,33800,27650,30450,26950,13500,25750,full,full,123396,8,Eternal Fire,3,0,40d4c1527dc406f0
12,86584,104464,87864,106110,92164,111289,92612,111817,Eternal Fire,G2,5,6,3,2,37650,17100,30950,10100,18900,10100,full,semi,88085,7,Eternal Fire,3,0,40d4c1527dc406f0
13,92612,111817,93892,113650,101841,122913,102289,123432,Eternal Fire,G2,5,7,3,2,37750,30000,30800,26000,30000,20400,full,full,143207,9,G2,2,0,40d4c1527dc406f0
14,102289,123432,103569,125316,108693,131440,109237,132109,Eternal Fire,G2,6,7,3,2,15750,27650,16350,25800,15450,23000,force-buy,full,103353,8,Eternal Fire,3,0,40d4c1527dc406f0
15,109237,132109,122342,147926,127534,153789,127982,154311,Eternal Fire,G2,7,7,2,3,4000,4000,4200,4000,3400,3400,pistol,pistol,279807,9,Eternal Fire,2,0,40d4c1527dc406f0
16,127982,154311,129262,156073,133445,160984,133893,161533,Eternal Fire,G2,8,7,2,3,18350,11000,18750,10850,16850,10250,semi,force-buy,86123,9,Eternal Fire,2,0,40d4c1527dc406f0
17,133893,161533,135173,163333,138915,167753,139363,168297,Eternal Fire,G2,9,7,2,3,19850,13050,22900,2100,8700,1700,full,eco,80276,9,Eternal Fire,2,0,40d4c1527dc406f0
18,139363,168297,140643,170113,147374,178211,147822,178741,Eternal Fire,G2,9,8,2,3,29800,26150,24450,26850,7500,25850,full,full,127952,8,G2,3,0,40d4c1527dc406f0
19,147822,178741,149102,180529,157181,190058,157629,190601,Eternal Fire,G2,9,9,2,3,29900,17850,25400,26450,24200,12550,full,full,146059,7,G2,3,0,40d4c1527dc406f0
20,157629,190601,158909,192302,166269,200979,166717,201498,Eternal Fire,G2,9,10,2,3,19400,25800,11550,29500,10300,17250,semi,full,133940,12,G2,3,0,40d4c1527dc406f0
21,168758,204112,170038,205850,174682,211401,175130,211945,Eternal Fire,G2,10,10,2,3,20300,25900,21450,30050,20150,23300,full,full,94073,9,Eternal Fire,2,0,40d4c1527dc406f0
22,177456,215017,178736,216761,186096,225271,186544,225797,Eternal Fire,G2,10,11,2,3,18200,10200,23650,10050,11200,9850,full,force-buy,132340,12,G2,3,0,40d4c1527dc406f0
23,189098,229200,190378,230926,197844,239727,198292,240255,Eternal Fire,G2,11,11,2,3,12700,17500,20750,25000,11050,9500,full,full,135863,9,Eternal Fire,2,0,40d4c1527dc406f0
24,198292,240255,199572,242008,207837,251757,208285,252296,Eternal Fire,G2,12,11,2,3,19700,16200,22850,16550,15150,15750,full,force-buy,148447,1,Eternal Fire,2,0,40d4c1527dc406f0
25,208285,252296,209565,254139,217173,263140,217173,263140,Eternal Fire,G2,13,11,2,3,22400,12600,25300,15400,19200,10550,full,force-buy,139955,9,Eternal Fire,2,0,40d4c1527dc406f0
1,231,318,7992,9752,12972,15527,13420,16057,Natus Vincere,Team Spirit,1,0,3,2,4000,4000,4450,3950,3550,3450,pistol,pistol,190308,8,Natus Vincere,3,0,79792497772f19cb
2,13420,16057,14700,18084,18282,22470,18730,23019,Natus Vincere,Team Spirit,2,0,3,2,18200,10950,20000,2150,17950,1350,semi,eco,80245,8,Natus Vincere,3,0,79792497772f19cb
3,18730,23019,20010,25036,28486,35007,28934,35592,Natus Vincere,Team Spirit,3,0,3,2,18300,21900,24650,22850,9100,21550,full,full,150004,7,Natus Vincere,3,0,79792497772f19cb
4,31429,38846,32709,40738,36696,45593,37144,46143,Natus Vincere,Team Spirit,3,1,3,2,28500,18750,29650,11650,15200,11350,full,semi,84424,9,Team Spirit,2,0,79792497772f19cb
5,37144,46143,38424,48191,46062,57442,46510,57972,Natus Vincere,Team Spirit,3,2,3,2,20600,25750,20450,28550,19450,9100,force-buy,full,141382,9,Team Spirit,2,0,79792497772f19cb
6,46510,57972,47790,59870,49919,62419,50367,62974,Natus Vincere,Team Spirit,3,3,3,2,11850,34700,1000,28250,0,12600,eco,full,55644,9,Team Spirit,2,0,79792497772f19cb
7,52851,66227,54131,68107,61491,76917,61939,77457,Natus Vincere,Team Spirit,4,3,3,2,24150,39650,25950,28250,23950,5300,full,full,133762,12,Natus Vincere,3,0,79792497772f19cb
8,61939,77457,63219,79329,69757,87233,70205,87755,Natus Vincere,Team Spirit,4,4,3,2,17150,38550,28500,27850,7150,16400,full,full,122325,1,Team Spirit,2,0,79792497772f19cb
9,70205,87755,71485,89580,76095,95127,76543,95651,Natus Vincere,Team Spirit,4,5,3,2,20000,41150,24150,28050,17750,16000,full,full,92244,9,Team Spirit,2,0,79792497772f19cb
10,76543,95651,77823,97557,83406,104252,83854,104808,Natus Vincere,Team Spirit,4,6,3,2,14850,43000,5600,26100,5600,9450,semi,full,107623,1,Team Spirit,2,0,79792497772f19cb
11,86451,108303,87731,110130,94275,118041,94723,118557,Natus Vincere,Team Spirit,4,7,3,2,24050,52250,27000,28350,23850,8650,full,full,121850,1,Team Spirit,2,0,79792497772f19cb
12,94723,118557,96003,120481,101726,127533,102270,128203,Natus Vincere,Team Spirit,4,8,3,2,18000,62600,22450,29800,17400,30800,force-buy,full,112315,9,Team Spirit,2,0,79792497772f19cb
13,102270,128203,115522,144440,117892,147215,118340,147756,Natus Vincere,Team Spirit,4,9,2,3,4000,4000,4400,4600,3400,3300,pistol,pistol,237894,8,Team Spirit,3,0,79792497772f19cb
14,118340,147756,119620,149673,126171,157592,126619,158136,Natus Vincere,Team Spirit,4,10,2,3,10400,18450,2800,19050,2000,14900,eco,semi,123076,8,Team Spirit,3,0,79792497772f19cb
15,126619,158136,127899,160182,134827,168351,135275,168873,Natus Vincere,Team Spirit,5,10,2,3,21300,21900,22100,27400,21100,19250,full,full,127818,9,Natus Vincere,2,0,79792497772f19cb
16,135275,168873,136555,170889,145789,182041,146237,182601,Natus Vincere,Team Spirit,6,10,2,3,17950,11150,23750,12800,16800,10800,full,force-buy,164769,1,Natus Vincere,2,0,79792497772f19cb
17,146237,182601,147517,184448,154877,193141,155325,193692,Natus Vincere,Team Spirit,6,11,2,3,19250,9850,25550,10450,5400,2450,full,semi,131885,12,Team Spirit,3,0,79792497772f19cb
18,157877,197178,159157,199229,165499,206963,165947,207510,Natus Vincere,Team Spirit,6,12,2,3,20050,25150,24900,27450,17950,15500,full,full,122438,8,Team Spirit,3,0,79792497772f19cb
19,165947,207510,167227,209333,175068,218753,175516,219345,Natus Vincere,Team Spirit,7,12,2,3,11900,27200,12150,29150,11750,10400,force-buy,full,140682,1,Natus Vincere,2,0,79792497772f19cb
20,175516,219345,176796,221345,185740,232077,186188,232621,Natus Vincere,Team Spirit,8,12,2,3,19150,23800,28550,25600,12800,20300,full,full,159313,1,Natus Vincere,2,0,79792497772f19cb
21,186188,232621,187468,234602,195094,243585,195542,244124,Natus Vincere,Team Spirit,9,12,2,3,25350,14000,28050,8850,17100,3050,full,semi,137191,1,Natus Vincere,2,0,79792497772f19cb
22,197727,247064,199007,248938,204437,255573,204437,255573,Natus Vincere,Team Spirit,9,13,2,3,21850,19900,28550,26450,12700,21000,full,full,106471,8,Team Spirit,3,0,79792497772f19cb
1,223,310,4073,5210,8830,10795,9278,11318,Team Spirit,Natus Vincere,1,0,3,2,4000,4000,4950,4250,3500,3450,pistol,pistol,130572,7,Team Spirit,3,0,cf562d2195118fe
2,9278,11318,10558,13126,15261,18777,15709,19301,Team Spirit,Natus Vincere,1,1,3,2,19200,14550,19800,16650,18100,13700,semi,force-buy,92888,1,Natus Vincere,2,0,cf562d2195118fe
3,15709,19301,16989,21312,19782,24876,20230,25451,Team Spirit,Natus Vincere,1,2,3,2,8700,19250,19350,24550,7650,12200,force-buy,full,69426,9,Natus Vincere,2,0,cf562d2195118fe
4,20230,25451,21510,27328,26571,33415,27019,33970,Team Spirit,Natus Vincere,1,3,3,2,11450,25100,2100,23750,1700,10250,eco,full,99177,9,Natus Vincere,2,0,cf562d2195118fe
5,27019,33970,28299,35897,35659,44727,36107,45266,Team Spirit,Natus Vincere,2,3,3,2,22650,33200,23700,24900,22050,17400,full,full,133959,12,Team Spirit,3,0,cf562d2195118fe
6,36107,45266,37387,47143,42296,53189,42744,53726,Team Spirit,Natus Vincere,2,4,3,2,18050,22000,27100,23650,14300,18450,full,full,98667,1,Natus Vincere,2,0,cf562d2195118fe
7,44857,56399,46137,58310,49568,62456,50016,63016,Team Spirit,Natus Vincere,2,5,3,2,13850,22550,2950,25500,2050,11900,eco,full,75429,9,Natus Vincere,2,0,cf562d2195118fe
8,50016,63016,51296,64991,55571,70237,56019,70772,Team Spirit,Natus Vincere,3,5,3,2,24100,28400,24800,25200,23500,8700,full,full,89925,8,Team Spirit,3,0,cf562d2195118fe
9,58989,74690,60269,76392,62633,79432,63081,79963,Team Spirit,Natus Vincere,4,5,3,2,17950,27000,28700,21550,11850,20450,full,full,59053,8,Team Spirit,3,0,cf562d2195118fe
10,63081,79963,64361,81815,70299,88822,70747,89387,Team Spirit,Natus Vincere,5,5,3,2,23650,16950,29450,7450,17250,7150,full,semi,110323,8,Team Spirit,3,0,cf562d2195118fe
11,70747,89387,72027,91225,78405,98794,78853,99332,Team Spirit,Natus Vincere,6,5,3,2,24150,21800,30850,22300,4900,21300,full,full,117147,8,Team Spirit,3,0,cf562d2195118fe
12,78853,99332,80133,101282,82741,104641,83285,105298,Team Spirit,Natus Vincere,7,5,3,2,36800,15600,30250,15100,17050,14500,full,force-buy,66114,8,Team Spirit,3,0,cf562d2195118fe
13,83285,105298,104569,131585,111130,139234,111578,139773,Team Spirit,Natus Vincere,7,6,2,3,4000,4000,5250,4750,3550,3550,pistol,pistol,422613,8,Natus Vincere,3,0,cf562d2195118fe
14,111578,139773,112858,141586,114203,143293,114651,143856,Team Spirit,Natus Vincere,7,7,2,3,9950,18200,1300,19500,500,17550,eco,semi,43835,8,Natus Vincere,3,0,cf562d2195118fe
15,114651,143856,115931,145668,122347,153404,122795,153933,Team Spirit,Natus Vincere,8,7,2,3,21750,19900,22000,24050,21600,9900,full,full,118903,9,Team Spirit,2,0,cf562d2195118fe
16,122795,153933,124075,155762,126366,158572,126814,159108,Team Spirit,Natus Vincere,9,7,2,3,18200,17900,25200,1000,12700,0,full,eco,57770,9,Team Spirit,2,0,cf562d2195118fe
17,129417,162371,130697,164295,139021,174229,139469,174759,Team Spirit,Natus Vincere,10,7,2,3,23250,28000,25300,27150,11500,25750,full,full,147670,1,Team Spirit,2,0,cf562d2195118fe
18,139469,174759,140749,176603,144453,181107,144901,181643,Team Spirit,Natus Vincere,10,8,2,3,30450,14550,24800,14650,8500,6550,full,semi,79053,8,Natus Vincere,3,0,cf562d2195118fe
19,144901,181643,146181,183511,150753,189056,151201,189604,Team Spirit,Natus Vincere,10,9,2,3,29250,26050,25200,27400,24200,12650,full,full,92316,8,Natus Vincere,3,0,cf562d2195118fe
20,151201,189604,152481,191278,155725,195240,156173,195792,Team Spirit,Natus Vincere,10,10,2,3,15450,31150,11650,28200,7350,16900,semi,full,70186,8,Natus Vincere,3,0,cf562d2195118fe
21,156173,195792,157453,197655,162251,203628,162699,204231,Team Spirit,Natus Vincere,11,10,2,3,20200,32000,20600,29750,19800,14950,full,full,97583,1,Team Spirit,2,0,cf562d2195118fe
22,165371,207623,166651,209380,174553,219057,175001,219607,Team Spirit,Natus Vincere,12,10,2,3,18800,24350,25600,30550,8800,13600,full,full,142390,1,Team Spirit,2,0,cf562d2195118fe
23,175001,219607,176281,221516,179661,225769,180109,226307,Team Spirit,Natus Vincere,12,11,2,3,28700,20850,25500,29950,13400,18400,full,full,76737,8,Natus Vincere,3,0,cf562d2195118fe
24,180109,226307,181389,228266,187916,236156,188460,236785,Team Spirit,Natus Vincere,12,12,2,3,23200,19800,22400,27200,21500,17250,full,full,122652,7,Natus Vincere,3,0,cf562d2195118fe
25,188460,236785,189793,238528,194766,244623,195214,245141,Team Spirit,Natus Vincere,13,12,2,3,62500,62500,25200,29700,24200,29300,full,full,97608,1,Team Spirit,2,1,cf562d2195118fe
26,195214,245141,196494,247048,203808,255887,204256,256415,Team Spirit,Natus Vincere,13,13,2,3,57300,43300,27250,29850,15250,24750,full,full,133822,8,Natus Vincere,3,1,cf562d2195118fe
27,204256,256415,205536,258454,212896,267441,213441,268106,Team Spirit,Natus Vincere,13,14,2,3,49650,36100,27950,32050,27850,16550,full,full,137309,12,Natus Vincere,3,1,cf562d2195118fe
28,216905,272670,218185,274501,224129,281749,224577,282278,Team Spirit,Natus Vincere,14,14,3,2,62500,62500,29000,25300,29600,25000,full,full,113063,7,Team Spirit,3,1,cf562d2195118fe
29,224577,282278,225857,284255,233330,293056,233778,293583,Team Spirit,Natus Vincere,14,15,3,2,52200,51200,30150,25600,21150,24600,full,full,134221,9,Natus Vincere,2,1,cf562d2195118fe
30,233778,293583,235058,295717,238833,300375,239377,301026,Team Spirit,Natus Vincere,15,15,3,2,39050,44650,31150,25700,31450,22000,full,full,84582,8,Team Spirit,3,1,cf562d2195118fe
31,242217,304571,243497,306453,247163,311023,247611,311556,Team Spirit,Natus Vincere,15,16,3,2,62500,62500,30050,25300,29350,24500,full,full,80348,9,Natus Vincere,2,2,cf562d2195118fe
32,247611,311556,248891,313364,251039,316191,251487,316730,Team Spirit,Natus Vincere,15,17,3,2,43350,55750,29300,25200,29100,16900,full,full,57720,9,Natus Vincere,2,2,cf562d2195118fe
33,251487,316730,252767,318628,258933,326240,259477,326891,Team Spirit,Natus Vincere,15,18,3,2,26550,56600,26150,26000,25650,17100,full,full,118430,9,Natus Vincere,2,2,cf562d2195118fe
34,259477,326891,260873,328917,268849,338479,269297,339008,Team Spirit,Natus Vincere,16,18,2,3,62500,62500,27050,30200,26550,29500,full,full,144308,9,Team Spirit,2,2,cf562d2195118fe
35,269297,339008,270577,340896,278864,350826,279312,351338,Team Spirit,Natus Vincere,17,18,2,3,54000,43400,27450,29350,17500,28950,full,full,147172,1,Team Spirit,2,2,cf562d2195118fe
36,279312,351338,280592,353234,283264,356645,283808,357276,Team Spirit,Natus Vincere,18,18,2,3,55200,26550,27850,31750,16800,23100,full,full,66089,9,Team Spirit,2,2,cf562d2195118fe
37,286605,360952,287885,362652,292427,368138,292875,368662,Team Spirit,Natus Vincere,19,18,2,3,62500,62500,27150,29050,26450,28550,full,full,89489,9,Team Spirit,2,3,cf562d2195118fe
38,292875,368662,294155,370640,303375,381575,303823,382107,Team Spirit,Natus Vincere,20,18,2,3,53400,44050,27350,29150,12700,28150,full,full,160808,1,Team Spirit,2,3,cf562d2195118fe
39,303823,382107,305103,384049,311530,391694,312074,392337,Team Spirit,Natus Vincere,20,19,2,3,59700,28500,25500,30450,20850,25250,full,full,119389,8,Natus Vincere,3,3,cf562d2195118fe
40,312074,392337,313520,394301,321711,404006,322159,404534,Team Spirit,Natus Vincere,21,19,3,2,62500,62500,29250,25000,28750,24300,full,full,145317,7,Team Spirit,3,3,cf562d2195118fe
41,322159,404534,323439,406340,331296,415859,331744,416424,Team Spirit,Natus Vincere,21,20,3,2,53050,51600,30350,25300,17750,24500,full,full,141033,9,Natus Vincere,2,3,cf562d2195118fe
42,331744,416424,333024,418435,339373,426084,339373,426084,Team Spirit,Natus Vincere,22,20,3,2,31650,15100,30750,25500,30850,17200,full,full,120298,7,Team Spirit,3,3,cf562d2195118fe
1,222,309,3205,4036,10072,11971,10520,12513,Team Spirit,Eternal Fire,0,1,3,2,4000,4000,4350,4500,3450,3400,pistol,pistol,146546,9,Eternal Fire,2,0,59e5b2c76e05bce0
2,10520,12513,11800,14300,13285,16094,13733,16640,Team Spirit,Eternal Fire,0,2,3,2,10950,18650,1000,18400,0,17200,eco,semi,44999,9,Eternal Fire,2,0,59e5b2c76e05bce0
3,13733,16640,15013,18448,21843,26580,22291,27116,Team Spirit,Eternal Fire,1,2,3,2,23250,20700,24050,20350,23050,5300,full,full,124907,7,Team Spirit,3,0,59e5b2c76e05bce0
4,22291,27116,23571,28977,30931,37897,31379,38441,Team Spirit,Eternal Fire,2,2,3,2,19200,26600,28600,26950,15400,22450,full,full,135475,12,Team Spirit,3,0,59e5b2c76e05bce0
5,31379,38441,32659,40299,38202,46884,38650,47417,Team Spirit,Eternal Fire,3,2,3,2,21250,12350,29450,19000,13300,11950,full,force-buy,106095,8,Team Spirit,3,0,59e5b2c76e05bce0
6,38650,47417,39930,49171,44946,55185,45394,55740,Team Spirit,Eternal Fire,4,2,3,2,25500,12600,29450,2800,13600,2600,full,eco,97613,8,Team Spirit,3,0,59e5b2c76e05bce0
7,47378,58548,48658,60334,56018,69019,56466,69579,Team Spirit,Eternal Fire,5,2,3,2,29650,24500,30750,25500,4300,24100,full,full,131579,12,Team Spirit,3,0,59e5b2c76e05bce0
8,56466,69579,57746,71344,60985,75270,61433,75825,Team Spirit,Eternal Fire,6,2,3,2,42500,10700,29750,16150,8400,6150,full,semi,71513,8,Team Spirit,3,0,59e5b2c76e05bce0
9,61433,75825,62713,77659,70782,87316,71230,87856,Team Spirit,Eternal Fire,7,2,3,2,51650,21850,30050,21850,9300,21150,full,full,144397,7,Team Spirit,3,0,59e5b2c76e05bce0
10,73214,90369,74494,92077,82210,101333,82658,101860,Team Spirit,Eternal Fire,7,3,3,2,61300,21600,30750,22200,17150,21200,full,full,137774,9,Eternal Fire,2,0,59e5b2c76e05bce0
11,82658,101860,83938,103892,90881,112323,91329,112840,Team Spirit,Eternal Fire,8,3,3,2,51850,18450,31150,21300,30350,17200,full,full,131479,7,Team Spirit,3,0,59e5b2c76e05bce0
12,91329,112840,92609,114712,99969,123371,100514,124019,Team Spirit,Eternal Fire,9,3,3,2,40600,20550,33400,21300,28200,20300,full,full,132333,12,Team Spirit,3,0,59e5b2c76e05bce0
13,100514,124019,113463,140396,118140,145798,118588,146324,Team Spirit,Eternal Fire,10,3,2,3,4000,4000,4850,4000,3350,3400,pistol,pistol,273677,9,Team Spirit,2,0,59e5b2c76e05bce0
14,118588,146324,119868,148130,121869,150544,122317,151075,Team Spirit,Eternal Fire,11,3,2,3,18700,11000,19300,11550,17650,10550,semi,force-buy,53029,9,Team Spirit,2,0,59e5b2c76e05bce0
15,122317,151075,123597,152938,130957,161665,131405,162187,Team Spirit,Eternal Fire,11,4,2,3,19100,13050,21950,13450,7100,12350,full,force-buy,133075,12,Eternal Fire,3,0,59e5b2c76e05bce0
16,131405,162187,132685,163985,138114,170643,138562,171155,Team Spirit,Eternal Fire,12,4,2,3,18800,18450,22750,23500,17950,17950,full,full,106259,1,Team Spirit,2,0,59e5b2c76e05bce0
17,138562,171155,139842,172964,147202,181620,147650,182133,Team Spirit,Eternal Fire,12,5,2,3,19250,10600,23050,20350,15400,10000,full,force-buy,131504,12,Eternal Fire,3,0,59e5b2c76e05bce0
18,147650,182133,148930,183981,152280,187935,152728,188468,Team Spirit,Eternal Fire,12,6,2,3,10050,18350,13350,27900,9750,15200,force-buy,full,72908,8,Eternal Fire,3,0,59e5b2c76e05bce0
19,152728,188468,154008,190306,158552,195723,159000,196277,Team Spirit,Eternal Fire,12,7,2,3,10100,20900,1700,28000,900,7600,eco,full,91167,7,Eternal Fire,3,0,59e5b2c76e05bce0
20,159000,196277,160280,198225,163671,202399,164119,202984,Team Spirit,Eternal Fire,12,8,2,3,25100,32600,24400,32400,23100,18200,full,full,76929,8,Eternal Fire,3,0,59e5b2c76e05bce0
21,164119,202984,165399,204888,171752,212631,172200,213177,Team Spirit,Eternal Fire,12,9,2,3,17100,31750,11300,30250,11100,13400,semi,full,121225,7,Eternal Fire,3,0,59e5b2c76e05bce0
22,172200,213177,173480,215176,179882,223125,180330,223702,Team Spirit,Eternal Fire,12,10,2,3,27200,37250,25300,32700,24600,20050,full,full,125007,8,Eternal Fire,3,0,59e5b2c76e05bce0
23,182439,226490,183719,228326,188392,233914,188840,234460,Team Spirit,Eternal Fire,12,11,2,3,19900,34950,11600,30250,11400,12600,semi,full,93290,7,Eternal Fire,3,0,59e5b2c76e05bce0
24,188840,234460,190120,236357,196052,243464,196596,244088,Team Spirit,Eternal Fire,12,12,2,3,30000,41450,27450,31050,26950,25550,full,full,113145,8,Eternal Fire,3,0,59e5b2c76e05bce0
25,196596,244088,198822,247147,205851,255689,206299,256231,Team Spirit,Eternal Fire,12,13,2,3,62500,62500,27150,30750,26450,30050,full,full,145779,8,Eternal Fire,3,1,59e5b2c76e05bce0
26,206299,256231,207579,258046,214646,266660,215094,267178,Team Spirit,Eternal Fire,13,13,2,3,45950,49800,26950,30150,26250,16550,full,full,131052,1,Team Spirit,2,1,59e5b2c76e05bce0
27,215094,267178,216374,269043,223010,277042,223554,277682,Team Spirit,Eternal Fire,14,13,2,3,38700,40350,27650,33000,13700,28200,full,full,123952,9,Team Spirit,2,1,59e5b2c76e05bce0
28,223554,277682,225552,280371,233472,289937,233920,290467,Team Spirit,Eternal Fire,14,14,3,2,62500,62500,29500,27750,28700,27150,full,full,153997,1,Eternal Fire,2,1,59e5b2c76e05bce0
29,233920,290467,235200,292398,240691,299282,241139,299834,Team Spirit,Eternal Fire,14,15,3,2,43700,54350,30100,27950,23550,13200,full,full,110770,9,Eternal Fire,2,1,59e5b2c76e05bce0
30,244219,303775,245499,305667,252590,314322,252590,314322,Team Spirit,Eternal Fire,14,16,3,2,16100,56450,31450,30000,31050,20300,full,full,132534,9,Eternal Fire,2,1,59e5b2c76e05bce0
1,226,313,3058,3643,4616,5484,5064,6036,Eternal Fire,Team Spirit,1,0,3,2,4000,4000,4000,4800,3400,3400,pistol,pistol,65979,8,Eternal Fire,3,0,2a4c3f36d8d46afa
2,5064,6036,6344,7681,11634,13910,12082,14471,Eternal Fire,Team Spirit,2,0,3,2,18350,10100,21200,1000,17850,0,semi,eco,100468,8,Eternal Fire,3,0,2a4c3f36d8d46afa
3,12082,14471,13362,16349,22306,27019,22754,27533,Eternal Fire,Team Spirit,2,1,3,2,18850,22100,25500,22800,5800,21400,full,full,160106,9,Team Spirit,2,0,2a4c3f36d8d46afa
4,22754,27533,24034,29308,29261,35553,29709,36092,Eternal Fire,Team Spirit,2,2,3,2,21550,18750,21900,18700,20900,13700,force-buy,semi,102331,1,Team Spirit,2,0,2a4c3f36d8d46afa
5,29709,36092,30989,37957,38788,47177,39236,47710,Eternal Fire,Team Spirit,2,3,3,2,10150,24650,5250,25500,300,4500,semi,full,141439,1,Team Spirit,2,0,2a4c3f36d8d46afa
6,39236,47710,40516,49493,45894,55916,46342,56447,Eternal Fire,Team Spirit,2,4,3,2,22450,38850,25850,25600,18950,13100,full,full,104704,9,Team Spirit,2,0,2a4c3f36d8d46afa
7,48791,59636,50071,61324,53470,65380,53918,65921,Eternal Fire,Team Spirit,2,5,3,2,18900,43800,11150,25900,10750,16300,semi,full,73290,9,Team Spirit,2,0,2a4c3f36d8d46afa
8,53918,65921,55198,67708,61691,75415,62139,75932,Eternal Fire,Team Spirit,2,6,3,2,25750,45250,25900,25500,24900,11200,full,full,121138,9,Team Spirit,2,0,2a4c3f36d8d46afa
9,62139,75932,63419,77840,72290,88172,72738,88706,Eternal Fire,Team Spirit,2,7,3,2,18750,52100,12100,25200,11300,16400,semi,full,156176,9,Team Spirit,2,0,2a4c3f36d8d46afa
10,72738,88706,74018,90482,83667,101954,84115,102488,Eternal Fire,Team Spirit,2,8,3,2,25650,53750,26100,27450,24800,15600,full,full,169038,1,Team Spirit,2,0,2a4c3f36d8d46afa
11,86267,105391,87547,107178,92253,112884,92701,113460,Eternal Fire,Team Spirit,2,9,3,2,18250,56950,23400,27550,16650,12500,full,full,95607,9,Team Spirit,2,0,2a4c3f36d8d46afa
12,92701,113460,93981,115253,97503,119522,98047,120166,Eternal Fire,Team Spirit,2,10,3,2,19500,61800,20800,28650,19300,13650,force-buy,full,77348,9,Team Spirit,2,0,2a4c3f36d8d46afa
13,98047,120166,111024,136180,114973,140740,115421,141275,Eternal Fire,Team Spirit,3,10,2,3,4000,4000,4400,4200,3400,3400,pistol,pistol,262514,9,Eternal Fire,2,0,2a4c3f36d8d46afa
14,115421,141275,116701,143068,121138,148351,121586,148898,Eternal Fire,Team Spirit,4,10,2,3,18650,10700,19650,10650,17150,10050,semi,force-buy,90286,9,Eternal Fire,2,0,2a4c3f36d8d46afa
15,121586,148898,122866,150593,130227,159225,130675,159749,Eternal Fire,Team Spirit,5,10,2,3,21050,12650,20950,2500,4700,2100,full,eco,131767,1,Eternal Fire,2,0,2a4c3f36d8d46afa
16,132791,162567,134071,164383,141691,173357,142139,173882,Eternal Fire,Team Spirit,5,11,2,3,35950,26850,26850,26850,25850,25850,full,full,137675,7,Team Spirit,3,0,2a4c3f36d8d46afa
17,142139,173882,143419,175688,147961,181289,148409,181813,Eternal Fire,Team Spirit,6,11,2,3,21600,20300,20750,24800,19950,17350,full,full,94509,1,Eternal Fire,2,0,2a4c3f36d8d46afa
18,148409,181813,149689,183679,156937,192165,157385,192692,Eternal Fire,Team Spirit,6,12,2,3,20350,16350,21050,20900,20050,15700,full,force-buy,132086,7,Team Spirit,3,0,2a4c3f36d8d46afa
19,157385,192692,158665,194609,163661,200611,163661,200611,Eternal Fire,Team Spirit,6,13,2,3,10100,20800,12700,24000,12100,18100,force-buy,full,101042,8,Team Spirit,3,0,2a4c3f36d8d46afa
1,257,345,3022,3718,5902,7051,6350,7583,Team Spirit,Eternal Fire,1,0,3,2,4000,4000,4300,4200,3300,3400,pistol,pistol,84943,8,Team Spirit,3,0,d8b7e0bddd1b3eb3
2,6350,7583,7630,9304,11856,14314,12304,14872,Team Spirit,Eternal Fire,2,0,3,2,18450,10400,16950,1000,13650,0,semi,eco,85260,8,Team Spirit,3,0,d8b7e0bddd1b3eb3
3,12304,14872,13584,16587,20416,24745,20864,25281,Team Spirit,Eternal Fire,3,0,3,2,23750,22700,24700,23000,12350,21800,full,full,125059,8,Team Spirit,3,0,d8b7e0bddd1b3eb3
4,20864,25281,22144,27032,26586,32323,27034,32883,Team Spirit,Eternal Fire,4,0,3,2,29850,16300,29450,8950,17300,7750,full,semi,89199,8,Team Spirit,3,0,d8b7e0bddd1b3eb3
5,27034,32883,28314,34605,33526,40983,33974,41525,Team Spirit,Eternal Fire,5,0,3,2,29700,25850,30650,26050,9200,25350,full,full,102601,8,Team Spirit,3,0,d8b7e0bddd1b3eb3
6,36427,44715,37707,46452,44635,54778,45083,55311,Team Spirit,Eternal Fire,6,0,3,2,38050,18200,30250,11150,18200,10350,full,semi,127466,7,Team Spirit,3,0,d8b7e0bddd1b3eb3
7,45083,55311,46363,57069,53155,65354,53603,65887,Team Spirit,Eternal Fire,7,0,3,2,38950,29050,31150,26550,18800,25850,full,full,127212,8,Team Spirit,3,0,d8b7e0bddd1b3eb3
8,53603,65887,54883,67758,57786,71335,58234,71868,Team Spirit,Eternal Fire,8,0,3,2,37500,20900,30250,20700,18800,19400,full,full,69008,8,Team Spirit,3,0,d8b7e0bddd1b3eb3
9,60695,75332,61975,77075,70204,86868,70652,87415,Team Spirit,Eternal Fire,9,0,3,2,36250,19700,29850,20750,24450,19150,full,full,146124,7,Team Spirit,3,0,d8b7e0bddd1b3eb3
10,70652,87415,71932,89281,79644,98580,80092,99116,Team Spirit,Eternal Fire,9,1,3,2,31100,21750,29850,22100,18500,21100,full,full,141425,9,Eternal Fire,2,0,d8b7e0bddd1b3eb3
11,82711,102615,83991,104384,89110,110429,89558,110974,Team Spirit,Eternal Fire,10,1,3,2,20500,18700,20000,23850,19200,15750,force-buy,full,98978,8,Team Spirit,3,0,d8b7e0bddd1b3eb3
12,89558,110974,90838,112832,93721,116411,94265,117086,Team Spirit,Eternal Fire,11,1,3,2,19150,18050,29400,19350,15900,17550,full,force-buy,68869,8,Team Spirit,3,0,d8b7e0bddd1b3eb3
13,94265,117086,108149,133980,112347,138870,112795,139404,Team Spirit,Eternal Fire,11,2,2,3,4000,4000,4750,4800,3550,3400,pistol,pistol,275933,8,Eternal Fire,3,0,d8b7e0bddd1b3eb3
14,112795,139404,114075,141179,117785,145566,118233,146136,Team Spirit,Eternal Fire,11,3,2,3,10850,18350,1500,18900,700,17800,eco,semi,78052,8,Eternal Fire,3,0,d8b7e0bddd1b3eb3
15,118233,146136,119513,147840,127621,157628,128069,158145,Team Spirit,Eternal Fire,12,3,2,3,22150,19800,22800,23350,21800,7700,full,full,145567,1,Team Spirit,2,0,d8b7e0bddd1b3eb3
16,128069,158145,129349,159885,137396,169694,137396,169694,Team Spirit,Eternal Fire,13,3,2,3,27300,13800,24900,27550,9500,15700,full,full,146289,9,Team Spirit,2,0,d8b7e0bddd1b3eb3
1,225,311,3063,3809,8446,9891,8894,10423,Eternal Fire,Team Spirit,0,1,3,2,4000,4000,4000,4200,3400,3400,pistol,pistol,122737,9,Team Spirit,2,0,9cb48de6a17ebe1
2,8894,10423,10174,12259,16107,19264,16555,19803,Eternal Fire,Team Spirit,0,2,3,2,11000,18650,11650,19300,10650,17850,force-buy,semi,113269,9,Team Spirit,2,0,9cb48de6a17ebe1
3,16555,19803,17835,21593,21588,26015,22036,26578,Eternal Fire,Team Spirit,0,3,3,2,12950,19450,4200,21450,3600,6900,eco,full,79586,9,Team Spirit,2,0,9cb48de6a17ebe1
4,22036,26578,23316,28434,30676,37173,31124,37698,Eternal Fire,Team Spirit,1,3,3,2,24750,30600,26050,25100,24550,11900,full,full,135741,12,Eternal Fire,3,0,9cb48de6a17ebe1
5,31124,37698,32404,39404,39764,47997,40212,48509,Eternal Fire,Team Spirit,2,3,3,2,17450,25200,24250,26450,15250,21650,full,full,131948,12,Eternal Fire,3,0,9cb48de6a17ebe1
6,40212,48509,41492,50330,48521,58965,48969,59514,Eternal Fire,Team Spirit,3,3,3,2,19650,11250,27800,17600,10600,11050,full,force-buy,133960,8,Eternal Fire,3,0,9cb48de6a17ebe1
7,51229,62454,52509,64180,57240,69800,57688,70322,Eternal Fire,Team Spirit,3,4,3,2,26800,12500,30450,4050,10100,4050,full,eco,94115,1,Team Spirit,2,0,9cb48de6a17ebe1
8,57688,70322,58968,72048,66824,81378,67272,81926,Eternal Fire,Team Spirit,4,4,3,2,24900,27450,25450,25200,24450,24500,full,full,141647,7,Eternal Fire,3,0,9cb48de6a17ebe1
9,69256,84543,70536,86316,77873,95013,78321,95544,Eternal Fire,Team Spirit,4,5,3,2,19350,16950,26300,8200,18450,8500,full,semi,134139,9,Team Spirit,2,0,9cb48de6a17ebe1
10,78321,95544,79601,97354,83184,101668,83632,102196,Eternal Fire,Team Spirit,4,6,3,2,9100,26500,9200,27750,8800,18800,force-buy,full,78459,9,Team Spirit,2,0,9cb48de6a17ebe1
11,83632,102196,84912,104048,87462,107135,87910,107706,Eternal Fire,Team Spirit,4,7,3,2,10400,25550,1700,26500,1300,6150,eco,full,63277,9,Team Spirit,2,0,9cb48de6a17ebe1
12,87910,107706,89190,109537,96051,117716,96595,118360,Eternal Fire,Team Spirit,4,8,3,2,21100,37750,22100,28450,20900,10500,force-buy,full,128246,9,Team Spirit,2,0,9cb48de6a17ebe1
13,96595,118360,109497,133903,112586,137563,113034,138116,Eternal Fire,Team Spirit,4,9,2,3,4000,4000,4950,5050,3350,3450,pistol,pistol,246025,8,Team Spirit,3,0,9cb48de6a17ebe1
14,113034,138116,114314,139865,116843,142952,117291,143498,Eternal Fire,Team Spirit,4,10,2,3,10450,18300,1000,18350,0,16300,eco,semi,61957,8,Team Spirit,3,0,9cb48de6a17ebe1
15,117291,143498,118571,145349,125931,154063,126379,154616,Eternal Fire,Team Spirit,4,11,2,3,22450,20650,23300,24900,22300,8450,full,full,135356,12,Team Spirit,3,0,9cb48de6a17ebe1
16,128649,157493,129929,159322,137289,167941,137737,168456,Eternal Fire,Team Spirit,4,12,2,3,12650,30550,16900,30250,12100,18500,force-buy,full,133857,12,Team Spirit,3,0,9cb48de6a17ebe1
17,137737,168456,139017,170223,143548,175592,143996,176117,Eternal Fire,Team Spirit,5,12,2,3,15350,29100,20000,29350,15100,24450,full,full,91425,9,Eternal Fire,2,0,9cb48de6a17ebe1
18,143996,176117,145276,177832,152741,186390,153189,186911,Eternal Fire,Team Spirit,6,12,2,3,18300,12250,25500,12900,13500,11900,full,force-buy,131615,1,Eternal Fire,2,0,9cb48de6a17ebe1
19,153189,186911,154469,188622,160293,195501,160741,196042,Eternal Fire,Team Spirit,7,12,2,3,23800,11350,26250,6450,16850,2100,full,semi,110053,9,Eternal Fire,2,0,9cb48de6a17ebe1
20,160741,196042,162021,197894,170476,207922,170924,208454,Eternal Fire,Team Spirit,8,12,2,3,24800,22150,27250,22800,18950,21500,full,full,152204,9,Eternal Fire,2,0,9cb48de6a17ebe1
21,172908,211153,174188,212898,181020,220989,181020,220989,Eternal Fire,Team Spirit,8,13,2,3,16250,27250,27750,7800,13200,7800,full,semi,126016,7,Team Spirit,3,0,9cb48de6a17ebe1
